image_id,product_id,image_url,thumnail_ind,created_dt,modified_dt
88,11,http://shotym.com/Thumbnails/uspa_jackets/USJK0430.jpg,1,0000-00-00 00:00:00,0000-00-00 00:00:00
89,12,http://shotym.com/Thumbnails/uspa_jackets/USJK0431.jpg,1,0000-00-00 00:00:00,0000-00-00 00:00:00
90,13,http://shotym.com/Thumbnails/uspa_jackets/USJK0432.jpg,1,0000-00-00 00:00:00,0000-00-00 00:00:00
91,14,http://shotym.com/Thumbnails/uspa_jackets/USJK0433.jpg,1,0000-00-00 00:00:00,0000-00-00 00:00:00
92,15,http://shotym.com/Thumbnails/uspa_jackets/USJK0434.jpg,1,0000-00-00 00:00:00,0000-00-00 00:00:00
93,16,http://shotym.com/Thumbnails/uspa_jackets/USJK0435.jpg,1,0000-00-00 00:00:00,0000-00-00 00:00:00
94,17,http://shotym.com/Thumbnails/uspa_jackets/USJK0436.jpg,1,0000-00-00 00:00:00,0000-00-00 00:00:00
95,18,http://shotym.com/Thumbnails/uspa_jackets/USJK0437.jpg,1,0000-00-00 00:00:00,0000-00-00 00:00:00
96,18,http://shotym.com/Thumbnails/uspa_jackets/USJK0437-B.jpg,1,0000-00-00 00:00:00,0000-00-00 00:00:00
97,19,http://shotym.com/Thumbnails/uspa_jackets/USJK0438.jpg,1,0000-00-00 00:00:00,0000-00-00 00:00:00
98,20,http://shotym.com/Thumbnails/uspa_jackets/USJK0439.jpg,1,0000-00-00 00:00:00,0000-00-00 00:00:00
99,21,http://shotym.com/Thumbnails/uspa_jackets/USJK0440.jpg,1,0000-00-00 00:00:00,0000-00-00 00:00:00
100,22,http://shotym.com/Thumbnails/uspa_jackets/USJK0441.jpg,1,0000-00-00 00:00:00,0000-00-00 00:00:00
101,23,http://shotym.com/Thumbnails/uspa_jackets/USJK0442.jpg,1,0000-00-00 00:00:00,0000-00-00 00:00:00
102,24,http://shotym.com/Thumbnails/uspa_jackets/USJK0443.jpg,1,0000-00-00 00:00:00,0000-00-00 00:00:00
103,25,http://shotym.com/Thumbnails/uspa_jackets/USJK0444.jpg,1,0000-00-00 00:00:00,0000-00-00 00:00:00
104,26,http://shotym.com/Thumbnails/uspa_jackets/USJK0445.jpg,1,0000-00-00 00:00:00,0000-00-00 00:00:00
105,27,http://shotym.com/Thumbnails/uspa_jackets/USJK0446.jpg,1,0000-00-00 00:00:00,0000-00-00 00:00:00
106,28,http://shotym.com/Thumbnails/uspa_jackets/USJK0447.jpg,1,0000-00-00 00:00:00,0000-00-00 00:00:00
107,28,http://shotym.com/Thumbnails/uspa_jackets/USJK0447-B.jpg,1,0000-00-00 00:00:00,0000-00-00 00:00:00
108,29,http://shotym.com/Thumbnails/uspa_jackets/USJK0448.jpg,1,0000-00-00 00:00:00,0000-00-00 00:00:00
109,29,http://shotym.com/Thumbnails/uspa_jackets/USJK0448-B.jpg,1,0000-00-00 00:00:00,0000-00-00 00:00:00
110,30,http://shotym.com/Thumbnails/uspa_jackets/USJK0449.jpg,1,0000-00-00 00:00:00,0000-00-00 00:00:00
111,31,http://shotym.com/Thumbnails/uspa_jackets/USJK0450.jpg,1,0000-00-00 00:00:00,0000-00-00 00:00:00
112,32,http://shotym.com/Thumbnails/uspa_jackets/USJK0451.jpg,1,0000-00-00 00:00:00,0000-00-00 00:00:00
113,32,http://shotym.com/Thumbnails/uspa_jackets/USJK0451-B.jpg,1,0000-00-00 00:00:00,0000-00-00 00:00:00
114,33,http://shotym.com/Thumbnails/uspa_jackets/USJK0452.jpg,1,0000-00-00 00:00:00,0000-00-00 00:00:00
115,34,http://shotym.com/Thumbnails/uspa_jackets/USJK0453.jpg,1,0000-00-00 00:00:00,0000-00-00 00:00:00
116,35,http://shotym.com/Thumbnails/uspa_jackets/USJK0454.jpg,1,0000-00-00 00:00:00,0000-00-00 00:00:00
117,36,http://shotym.com/Thumbnails/uspa_jackets/USJK0455.jpg,1,0000-00-00 00:00:00,0000-00-00 00:00:00
118,36,http://shotym.com/Thumbnails/uspa_jackets/USJK0455-B.jpg,1,0000-00-00 00:00:00,0000-00-00 00:00:00
119,37,http://shotym.com/Thumbnails/uspa_jackets/USJK0456.jpg,1,0000-00-00 00:00:00,0000-00-00 00:00:00
120,37,http://shotym.com/Thumbnails/uspa_jackets/USJK0456-B.jpg,1,0000-00-00 00:00:00,0000-00-00 00:00:00
121,38,http://shotym.com/Thumbnails/uspa_jackets/USJK0457.jpg,1,0000-00-00 00:00:00,0000-00-00 00:00:00
122,39,http://shotym.com/Thumbnails/uspa_jackets/USJK0458.jpg,1,0000-00-00 00:00:00,0000-00-00 00:00:00
123,40,http://shotym.com/Thumbnails/uspa_jackets/USJK0459.jpg,1,0000-00-00 00:00:00,0000-00-00 00:00:00
124,41,http://shotym.com/Thumbnails/uspa_jackets/USJK0460.jpg,1,0000-00-00 00:00:00,0000-00-00 00:00:00
125,42,http://shotym.com/Thumbnails/uspa_jackets/USJK0461.jpg,1,0000-00-00 00:00:00,0000-00-00 00:00:00
126,43,http://shotym.com/Thumbnails/uspa_jackets/USJK0462.jpg,1,0000-00-00 00:00:00,0000-00-00 00:00:00
127,44,http://shotym.com/Thumbnails/uspa_jackets/USJK0463.jpg,1,0000-00-00 00:00:00,0000-00-00 00:00:00
128,45,http://shotym.com/Thumbnails/uspa_jackets/USJK0464.jpg,1,0000-00-00 00:00:00,0000-00-00 00:00:00
129,46,http://shotym.com/Thumbnails/uspa_jackets/USJK0465.jpg,1,0000-00-00 00:00:00,0000-00-00 00:00:00
130,47,http://shotym.com/Thumbnails/uspa_jackets/USJK0466.jpg,1,0000-00-00 00:00:00,0000-00-00 00:00:00
131,48,http://shotym.com/Thumbnails/uspa_jackets/USJK0467.jpg,1,0000-00-00 00:00:00,0000-00-00 00:00:00
132,49,http://shotym.com/Thumbnails/uspa_jackets/USJK0468.jpg,1,0000-00-00 00:00:00,0000-00-00 00:00:00
133,50,http://shotym.com/Thumbnails/uspa_jackets/USJK0469.jpg,1,0000-00-00 00:00:00,0000-00-00 00:00:00
134,51,http://shotym.com/Thumbnails/uspa_jackets/USJK0470.jpg,1,0000-00-00 00:00:00,0000-00-00 00:00:00
135,52,http://shotym.com/Thumbnails/uspa_jackets/USJK0471.jpg,1,0000-00-00 00:00:00,0000-00-00 00:00:00
136,53,http://shotym.com/Thumbnails/uspa_jackets/USJK0472.jpg,1,0000-00-00 00:00:00,0000-00-00 00:00:00
137,54,http://shotym.com/Thumbnails/uspa_jackets/USJK0473.jpg,1,0000-00-00 00:00:00,0000-00-00 00:00:00
138,55,http://shotym.com/Thumbnails/uspa_jackets/USJK0474.jpg,1,0000-00-00 00:00:00,0000-00-00 00:00:00
139,56,http://shotym.com/Thumbnails/uspa_jackets/USJK0475.jpg,1,0000-00-00 00:00:00,0000-00-00 00:00:00
140,57,http://shotym.com/Thumbnails/uspa_jackets/USJK0400.jpg,1,0000-00-00 00:00:00,0000-00-00 00:00:00
141,58,http://shotym.com/Thumbnails/uspa_jackets/USJK0401.jpg,1,0000-00-00 00:00:00,0000-00-00 00:00:00
142,59,http://shotym.com/Thumbnails/uspa_jackets/USJK0402.jpg,1,0000-00-00 00:00:00,0000-00-00 00:00:00
143,60,http://shotym.com/Thumbnails/uspa_jackets/USJK0403.jpg,1,0000-00-00 00:00:00,0000-00-00 00:00:00
144,61,http://shotym.com/Thumbnails/uspa_jackets/USJK0404.jpg,1,0000-00-00 00:00:00,0000-00-00 00:00:00
145,62,http://shotym.com/Thumbnails/uspa_jackets/USJK0405.jpg,1,0000-00-00 00:00:00,0000-00-00 00:00:00
146,63,http://shotym.com/Thumbnails/uspa_jackets/USJK0406.jpg,1,0000-00-00 00:00:00,0000-00-00 00:00:00
147,64,http://shotym.com/Thumbnails/uspa_jackets/USJK0407.jpg,1,0000-00-00 00:00:00,0000-00-00 00:00:00
148,65,http://shotym.com/Thumbnails/uspa_jackets/USJK0408.jpg,1,0000-00-00 00:00:00,0000-00-00 00:00:00
149,66,http://shotym.com/Thumbnails/uspa_jackets/USJK0409.jpg,1,0000-00-00 00:00:00,0000-00-00 00:00:00
150,67,http://shotym.com/Thumbnails/uspa_jackets/USJK0410.jpg,1,0000-00-00 00:00:00,0000-00-00 00:00:00
151,68,http://shotym.com/Thumbnails/uspa_jackets/USJK0411.jpg,1,0000-00-00 00:00:00,0000-00-00 00:00:00
152,69,http://shotym.com/Thumbnails/uspa_jackets/USJK0412.jpg,1,0000-00-00 00:00:00,0000-00-00 00:00:00
153,70,http://shotym.com/Thumbnails/uspa_jackets/USJK0477.jpg,1,0000-00-00 00:00:00,0000-00-00 00:00:00
154,71,http://shotym.com/Thumbnails/uspa_jackets/USJK0413.jpg,1,0000-00-00 00:00:00,0000-00-00 00:00:00
155,72,http://shotym.com/Thumbnails/uspa_jackets/USJK0414.jpg,1,0000-00-00 00:00:00,0000-00-00 00:00:00
156,73,http://shotym.com/Thumbnails/uspa_jackets/USJK0415.jpg,1,0000-00-00 00:00:00,0000-00-00 00:00:00
157,74,http://shotym.com/Thumbnails/uspa_jackets/USJK0416.jpg,1,0000-00-00 00:00:00,0000-00-00 00:00:00
158,75,http://shotym.com/Thumbnails/uspa_jackets/USJK0417.jpg,1,0000-00-00 00:00:00,0000-00-00 00:00:00
159,76,http://shotym.com/Thumbnails/uspa_jackets/USJK0418.jpg,1,0000-00-00 00:00:00,0000-00-00 00:00:00
160,77,http://shotym.com/Thumbnails/uspa_jackets/USJK0419.jpg,1,0000-00-00 00:00:00,0000-00-00 00:00:00
161,78,http://shotym.com/Thumbnails/uspa_jackets/USJK0420.jpg,1,0000-00-00 00:00:00,0000-00-00 00:00:00
162,79,http://shotym.com/Thumbnails/uspa_jackets/USJK0476.jpg,1,0000-00-00 00:00:00,0000-00-00 00:00:00
164,80,http://shotym.com/Thumbnails/USPA-SweaterT-shirt_and_Sweatshirt/USPA_T-Shirts/USTS2240.jpg,1,0000-00-00 00:00:00,0000-00-00 00:00:00
166,81,http://shotym.com/Thumbnails/USPA-SweaterT-shirt_and_Sweatshirt/USPA_T-Shirts/USTS2241.jpg,1,0000-00-00 00:00:00,0000-00-00 00:00:00
168,82,http://shotym.com/Thumbnails/USPA-SweaterT-shirt_and_Sweatshirt/USPA_T-Shirts/USTS2242.jpg,1,0000-00-00 00:00:00,0000-00-00 00:00:00
170,83,http://shotym.com/Thumbnails/USPA-SweaterT-shirt_and_Sweatshirt/USPA_T-Shirts/USTS2243.jpg,1,0000-00-00 00:00:00,0000-00-00 00:00:00
172,84,http://shotym.com/Thumbnails/USPA-SweaterT-shirt_and_Sweatshirt/USPA_T-Shirts/USTS2244.jpg,1,0000-00-00 00:00:00,0000-00-00 00:00:00
174,85,http://shotym.com/Thumbnails/USPA-SweaterT-shirt_and_Sweatshirt/USPA_T-Shirts/USTS2245.jpg,1,0000-00-00 00:00:00,0000-00-00 00:00:00
176,86,http://shotym.com/Thumbnails/USPA-SweaterT-shirt_and_Sweatshirt/USPA_T-Shirts/USTS2246.jpg,1,0000-00-00 00:00:00,0000-00-00 00:00:00
178,87,http://shotym.com/Thumbnails/USPA-SweaterT-shirt_and_Sweatshirt/USPA_T-Shirts/USTS2247.jpg,1,0000-00-00 00:00:00,0000-00-00 00:00:00
180,89,http://shotym.com/Thumbnails/USPA-SweaterT-shirt_and_Sweatshirt/USPA_T-Shirts/USTS2249.jpg,1,0000-00-00 00:00:00,0000-00-00 00:00:00
182,90,http://shotym.com/Thumbnails/USPA-SweaterT-shirt_and_Sweatshirt/USPA_T-Shirts/USTS2250.jpg,1,0000-00-00 00:00:00,0000-00-00 00:00:00
184,91,http://shotym.com/Thumbnails/USPA-SweaterT-shirt_and_Sweatshirt/USPA_T-Shirts/USTS2251.jpg,1,0000-00-00 00:00:00,0000-00-00 00:00:00
186,92,http://shotym.com/Thumbnails/USPA-SweaterT-shirt_and_Sweatshirt/USPA_T-Shirts/USTS2252.jpg,1,0000-00-00 00:00:00,0000-00-00 00:00:00
188,93,http://shotym.com/Thumbnails/USPA-SweaterT-shirt_and_Sweatshirt/USPA_T-Shirts/USTS2253.jpg,1,0000-00-00 00:00:00,0000-00-00 00:00:00
190,94,http://shotym.com/Thumbnails/USPA-SweaterT-shirt_and_Sweatshirt/USPA_T-Shirts/USTS2254.jpg,1,0000-00-00 00:00:00,0000-00-00 00:00:00
192,95,http://shotym.com/Thumbnails/USPA-SweaterT-shirt_and_Sweatshirt/USPA_T-Shirts/USTS2255.jpg,1,0000-00-00 00:00:00,0000-00-00 00:00:00
194,96,http://shotym.com/Thumbnails/USPA-SweaterT-shirt_and_Sweatshirt/USPA_T-Shirts/USTS2256.jpg,1,0000-00-00 00:00:00,0000-00-00 00:00:00
196,97,http://shotym.com/Thumbnails/USPA-SweaterT-shirt_and_Sweatshirt/USPA_T-Shirts/USTS2257.jpg,1,0000-00-00 00:00:00,0000-00-00 00:00:00
198,101,http://shotym.com/Thumbnails/USPA-SweaterT-shirt_and_Sweatshirt/USPA_T-Shirts/USTS2261.jpg,1,0000-00-00 00:00:00,0000-00-00 00:00:00
200,102,http://shotym.com/Thumbnails/USPA-SweaterT-shirt_and_Sweatshirt/USPA_T-Shirts/USTS2262.jpg,1,0000-00-00 00:00:00,0000-00-00 00:00:00
202,103,http://shotym.com/Thumbnails/USPA-SweaterT-shirt_and_Sweatshirt/USPA_T-Shirts/USTS2263.jpg,1,0000-00-00 00:00:00,0000-00-00 00:00:00
204,104,http://shotym.com/Thumbnails/USPA-SweaterT-shirt_and_Sweatshirt/USPA_T-Shirts/USTS2264.jpg,1,0000-00-00 00:00:00,0000-00-00 00:00:00
206,105,http://shotym.com/Thumbnails/USPA-SweaterT-shirt_and_Sweatshirt/USPA_T-Shirts/USTS2265.jpg,1,0000-00-00 00:00:00,0000-00-00 00:00:00
208,106,http://shotym.com/Thumbnails/USPA-SweaterT-shirt_and_Sweatshirt/USPA_T-Shirts/USTS2266.jpg,1,0000-00-00 00:00:00,0000-00-00 00:00:00
210,107,http://shotym.com/Thumbnails/USPA-SweaterT-shirt_and_Sweatshirt/USPA_T-Shirts/USTS2267.jpg,1,0000-00-00 00:00:00,0000-00-00 00:00:00
212,108,http://shotym.com/Thumbnails/USPA-SweaterT-shirt_and_Sweatshirt/USPA_T-Shirts/USTS2268.jpg,1,0000-00-00 00:00:00,0000-00-00 00:00:00
214,109,http://shotym.com/Thumbnails/USPA-SweaterT-shirt_and_Sweatshirt/USPA_T-Shirts/USTS2269.jpg,1,0000-00-00 00:00:00,0000-00-00 00:00:00
216,110,http://shotym.com/Thumbnails/USPA-SweaterT-shirt_and_Sweatshirt/USPA_T-Shirts/USTS2270.jpg,1,0000-00-00 00:00:00,0000-00-00 00:00:00
218,111,http://shotym.com/Thumbnails/USPA-SweaterT-shirt_and_Sweatshirt/USPA_T-Shirts/USTS2271.jpg,1,0000-00-00 00:00:00,0000-00-00 00:00:00
220,112,http://shotym.com/Thumbnails/USPA-SweaterT-shirt_and_Sweatshirt/USPA_T-Shirts/USTS2272.jpg,1,0000-00-00 00:00:00,0000-00-00 00:00:00
222,113,http://shotym.com/Thumbnails/USPA-SweaterT-shirt_and_Sweatshirt/USPA_T-Shirts/USTS2273.jpg,1,0000-00-00 00:00:00,0000-00-00 00:00:00
224,115,http://shotym.com/Thumbnails/USPA-SweaterT-shirt_and_Sweatshirt/USPA_T-Shirts/USTS2275.jpg,1,0000-00-00 00:00:00,0000-00-00 00:00:00
226,116,http://shotym.com/Thumbnails/USPA-SweaterT-shirt_and_Sweatshirt/USPA_T-Shirts/USTS2276.jpg,1,0000-00-00 00:00:00,0000-00-00 00:00:00
228,117,http://shotym.com/Thumbnails/USPA-SweaterT-shirt_and_Sweatshirt/USPA_T-Shirts/USTS2277.jpg,1,0000-00-00 00:00:00,0000-00-00 00:00:00
230,118,http://shotym.com/Thumbnails/USPA-SweaterT-shirt_and_Sweatshirt/USPA_T-Shirts/USTS2278.jpg,1,0000-00-00 00:00:00,0000-00-00 00:00:00
232,119,http://shotym.com/Thumbnails/USPA-SweaterT-shirt_and_Sweatshirt/USPA_T-Shirts/USTS2279.jpg,1,0000-00-00 00:00:00,0000-00-00 00:00:00
234,120,http://shotym.com/Thumbnails/USPA-SweaterT-shirt_and_Sweatshirt/USPA_T-Shirts/USTS2280.jpg,1,0000-00-00 00:00:00,0000-00-00 00:00:00
236,121,http://shotym.com/Thumbnails/USPA-SweaterT-shirt_and_Sweatshirt/USPA_T-Shirts/USTS2281.jpg,1,0000-00-00 00:00:00,0000-00-00 00:00:00
238,122,http://shotym.com/Thumbnails/USPA-SweaterT-shirt_and_Sweatshirt/USPA_T-Shirts/USTS2282.jpg,1,0000-00-00 00:00:00,0000-00-00 00:00:00
241,123,http://shotym.com/Thumbnails/USPA-SweaterT-shirt_and_Sweatshirt/USPA_T-Shirts/USTS2283.jpg,1,0000-00-00 00:00:00,0000-00-00 00:00:00
244,124,http://shotym.com/Thumbnails/USPA-SweaterT-shirt_and_Sweatshirt/USPA_T-Shirts/USTS2284.jpg,1,0000-00-00 00:00:00,0000-00-00 00:00:00
247,125,http://shotym.com/Thumbnails/USPA-SweaterT-shirt_and_Sweatshirt/USPA_T-Shirts/USTS2285.jpg,1,0000-00-00 00:00:00,0000-00-00 00:00:00
250,126,http://shotym.com/Thumbnails/USPA-SweaterT-shirt_and_Sweatshirt/USPA_T-Shirts/USTS2286.jpg,1,0000-00-00 00:00:00,0000-00-00 00:00:00
253,127,http://shotym.com/Thumbnails/USPA-SweaterT-shirt_and_Sweatshirt/USPA_T-Shirts/USTS2287.jpg,1,0000-00-00 00:00:00,0000-00-00 00:00:00
255,128,http://shotym.com/Thumbnails/USPA-SweaterT-shirt_and_Sweatshirt/USPA_T-Shirts/USTS2288.jpg,1,0000-00-00 00:00:00,0000-00-00 00:00:00
257,129,http://shotym.com/Thumbnails/USPA-SweaterT-shirt_and_Sweatshirt/USPA_T-Shirts/USTS2289.jpg,1,0000-00-00 00:00:00,0000-00-00 00:00:00
259,130,http://shotym.com/Thumbnails/USPA-SweaterT-shirt_and_Sweatshirt/USPA_T-Shirts/USTS2290.jpg,1,0000-00-00 00:00:00,0000-00-00 00:00:00
261,131,http://shotym.com/Thumbnails/USPA-SweaterT-shirt_and_Sweatshirt/USPA_T-Shirts/USTS2291.jpg,1,0000-00-00 00:00:00,0000-00-00 00:00:00
263,132,http://shotym.com/Thumbnails/USPA-SweaterT-shirt_and_Sweatshirt/USPA_T-Shirts/USTS2292.jpg,1,0000-00-00 00:00:00,0000-00-00 00:00:00
265,134,http://shotym.com/Thumbnails/USPA-SweaterT-shirt_and_Sweatshirt/USPA_T-Shirts/USTS2294.jpg,1,0000-00-00 00:00:00,0000-00-00 00:00:00
267,135,http://shotym.com/Thumbnails/USPA-SweaterT-shirt_and_Sweatshirt/USPA_T-Shirts/USTS2295.jpg,1,0000-00-00 00:00:00,0000-00-00 00:00:00
270,136,http://shotym.com/Thumbnails/USPA-SweaterT-shirt_and_Sweatshirt/USPA_T-Shirts/USTS2296.jpg,1,0000-00-00 00:00:00,0000-00-00 00:00:00
273,137,http://shotym.com/Thumbnails/USPA-SweaterT-shirt_and_Sweatshirt/USPA_T-Shirts/USTS2297.jpg,1,0000-00-00 00:00:00,0000-00-00 00:00:00
275,139,http://shotym.com/Thumbnails/USPA-SweaterT-shirt_and_Sweatshirt/USPA_T-Shirts/USTS2299.jpg,1,0000-00-00 00:00:00,0000-00-00 00:00:00
277,140,http://shotym.com/Thumbnails/USPA-SweaterT-shirt_and_Sweatshirt/USPA_T-Shirts/USTS2300.jpg,1,0000-00-00 00:00:00,0000-00-00 00:00:00
279,141,http://shotym.com/Thumbnails/USPA-SweaterT-shirt_and_Sweatshirt/USPA_T-Shirts/USTS2301.jpg,1,0000-00-00 00:00:00,0000-00-00 00:00:00
281,142,http://shotym.com/Thumbnails/USPA-SweaterT-shirt_and_Sweatshirt/USPA_T-Shirts/USTS2302.jpg,1,0000-00-00 00:00:00,0000-00-00 00:00:00
283,143,http://shotym.com/Thumbnails/USPA-SweaterT-shirt_and_Sweatshirt/USPA_T-Shirts/USTS2303.jpg,1,0000-00-00 00:00:00,0000-00-00 00:00:00
285,144,http://shotym.com/Thumbnails/USPA-SweaterT-shirt_and_Sweatshirt/USPA_T-Shirts/USTS2304.jpg,1,0000-00-00 00:00:00,0000-00-00 00:00:00
288,145,http://shotym.com/Thumbnails/USPA-SweaterT-shirt_and_Sweatshirt/USPA_T-Shirts/USTS2305.jpg,1,0000-00-00 00:00:00,0000-00-00 00:00:00
291,146,http://shotym.com/Thumbnails/USPA-SweaterT-shirt_and_Sweatshirt/USPA_T-Shirts/USTS2306.jpg,1,0000-00-00 00:00:00,0000-00-00 00:00:00
293,98,http://shotym.com/Thumbnails/USPA-SweaterT-shirt_and_Sweatshirt/USPA_T-Shirts/USTS2258.jpg,1,0000-00-00 00:00:00,0000-00-00 00:00:00
295,99,http://shotym.com/Thumbnails/USPA-SweaterT-shirt_and_Sweatshirt/USPA_T-Shirts/USTS2259.jpg,1,0000-00-00 00:00:00,0000-00-00 00:00:00
297,149,http://shotym.com/Thumbnails/USPA-SweaterT-shirt_and_Sweatshirt/USPA_T-Shirts/USTS2310.jpg,1,0000-00-00 00:00:00,0000-00-00 00:00:00
299,150,http://shotym.com/Thumbnails/USPA-SweaterT-shirt_and_Sweatshirt/USPA_T-Shirts/USTS2311.jpg,1,0000-00-00 00:00:00,0000-00-00 00:00:00
301,151,http://shotym.com/Thumbnails/USPA-SweaterT-shirt_and_Sweatshirt/USPA_T-Shirts/USTS2312.jpg,1,0000-00-00 00:00:00,0000-00-00 00:00:00
304,152,http://shotym.com/Thumbnails/USPA-SweaterT-shirt_and_Sweatshirt/USPA_T-Shirts/USTS2313.jpg,1,0000-00-00 00:00:00,0000-00-00 00:00:00
307,153,http://shotym.com/Thumbnails/USPA-SweaterT-shirt_and_Sweatshirt/USPA_T-Shirts/USTS2314.jpg,1,0000-00-00 00:00:00,0000-00-00 00:00:00
309,154,http://shotym.com/Thumbnails/USPA-SweaterT-shirt_and_Sweatshirt/USPA_T-Shirts/USTS2315.jpg,1,0000-00-00 00:00:00,0000-00-00 00:00:00
312,155,http://shotym.com/Thumbnails/USPA-SweaterT-shirt_and_Sweatshirt/USPA_T-Shirts/USTS2316.jpg,1,0000-00-00 00:00:00,0000-00-00 00:00:00
315,156,http://shotym.com/Thumbnails/USPA-SweaterT-shirt_and_Sweatshirt/USPA_T-Shirts/USTS2317.jpg,1,0000-00-00 00:00:00,0000-00-00 00:00:00
318,157,http://shotym.com/Thumbnails/USPA-SweaterT-shirt_and_Sweatshirt/USPA_T-Shirts/USTS2318.jpg,1,0000-00-00 00:00:00,0000-00-00 00:00:00
320,158,http://shotym.com/Thumbnails/USPA-SweaterT-shirt_and_Sweatshirt/USPA_T-Shirts/USTS2319.jpg,1,0000-00-00 00:00:00,0000-00-00 00:00:00
322,159,http://shotym.com/Thumbnails/USPA-SweaterT-shirt_and_Sweatshirt/USPA_T-Shirts/USTS2320.jpg,1,0000-00-00 00:00:00,0000-00-00 00:00:00
324,160,http://shotym.com/Thumbnails/USPA-SweaterT-shirt_and_Sweatshirt/USPA_T-Shirts/USTS2321.jpg,1,0000-00-00 00:00:00,0000-00-00 00:00:00
327,161,http://shotym.com/Thumbnails/USPA-SweaterT-shirt_and_Sweatshirt/USPA_T-Shirts/USTS2322.jpg,1,0000-00-00 00:00:00,0000-00-00 00:00:00
329,162,http://shotym.com/Thumbnails/USPA-SweaterT-shirt_and_Sweatshirt/USPA_T-Shirts/USTS2323.jpg,1,0000-00-00 00:00:00,0000-00-00 00:00:00
331,163,http://shotym.com/Thumbnails/USPA-SweaterT-shirt_and_Sweatshirt/USPA_T-Shirts/USTS2324.jpg,1,0000-00-00 00:00:00,0000-00-00 00:00:00
333,164,http://shotym.com/Thumbnails/USPA-SweaterT-shirt_and_Sweatshirt/USPA_T-Shirts/USTS2325.jpg,1,0000-00-00 00:00:00,0000-00-00 00:00:00
335,165,http://shotym.com/Thumbnails/USPA-SweaterT-shirt_and_Sweatshirt/USPA_T-Shirts/USTS2326.jpg,1,0000-00-00 00:00:00,0000-00-00 00:00:00
337,166,http://shotym.com/Thumbnails/USPA-SweaterT-shirt_and_Sweatshirt/USPA_T-Shirts/USTS2327.jpg,1,0000-00-00 00:00:00,0000-00-00 00:00:00
340,167,http://shotym.com/Thumbnails/USPA-SweaterT-shirt_and_Sweatshirt/USPA_T-Shirts/USTS2328.jpg,1,0000-00-00 00:00:00,0000-00-00 00:00:00
342,169,http://shotym.com/Thumbnails/USPA-SweaterT-shirt_and_Sweatshirt/USPA_T-Shirts/USTS2330.jpg,1,0000-00-00 00:00:00,0000-00-00 00:00:00
344,171,http://shotym.com/Thumbnails/USPA-SweaterT-shirt_and_Sweatshirt/USPA_T-Shirts/USTS2332.jpg,1,0000-00-00 00:00:00,0000-00-00 00:00:00
346,172,http://shotym.com/Thumbnails/USPA-SweaterT-shirt_and_Sweatshirt/USPA_T-Shirts/USTS2333.jpg,1,0000-00-00 00:00:00,0000-00-00 00:00:00
348,173,http://shotym.com/Thumbnails/USPA-SweaterT-shirt_and_Sweatshirt/USPA_T-Shirts/USTS2334.jpg,1,0000-00-00 00:00:00,0000-00-00 00:00:00
350,174,http://shotym.com/Thumbnails/USPA-SweaterT-shirt_and_Sweatshirt/USPA_T-Shirts/USTS2335.jpg,1,0000-00-00 00:00:00,0000-00-00 00:00:00
352,175,http://shotym.com/Thumbnails/USPA-SweaterT-shirt_and_Sweatshirt/USPA_T-Shirts/USTS2336.jpg,1,0000-00-00 00:00:00,0000-00-00 00:00:00
354,176,http://shotym.com/Thumbnails/USPA-SweaterT-shirt_and_Sweatshirt/USPA_T-Shirts/USTS2337.jpg,1,0000-00-00 00:00:00,0000-00-00 00:00:00
358,177,http://shotym.com/Thumbnails/USPA-SweaterT-shirt_and_Sweatshirt/USPA_T-Shirts/USTS2338.jpg,1,0000-00-00 00:00:00,0000-00-00 00:00:00
360,178,http://shotym.com/Thumbnails/USPA-SweaterT-shirt_and_Sweatshirt/USPA_T-Shirts/USTS2339.jpg,1,0000-00-00 00:00:00,0000-00-00 00:00:00
363,179,http://shotym.com/Thumbnails/USPA-SweaterT-shirt_and_Sweatshirt/USPA_T-Shirts/USTS2340.jpg,1,0000-00-00 00:00:00,0000-00-00 00:00:00
366,181,http://shotym.com/Thumbnails/USPA-SweaterT-shirt_and_Sweatshirt/USPA_T-Shirts/USTS2342.jpg,1,0000-00-00 00:00:00,0000-00-00 00:00:00
368,182,http://shotym.com/Thumbnails/USPA-SweaterT-shirt_and_Sweatshirt/USPA_T-Shirts/USTS2343.jpg,1,0000-00-00 00:00:00,0000-00-00 00:00:00
371,183,http://shotym.com/Thumbnails/USPA-SweaterT-shirt_and_Sweatshirt/USPA_T-Shirts/USTS2344.jpg,1,0000-00-00 00:00:00,0000-00-00 00:00:00
374,184,http://shotym.com/Thumbnails/USPA-SweaterT-shirt_and_Sweatshirt/USPA_T-Shirts/USTS2345.jpg,1,0000-00-00 00:00:00,0000-00-00 00:00:00
376,185,http://shotym.com/Thumbnails/USPA-SweaterT-shirt_and_Sweatshirt/USPA_T-Shirts/USTS2346.jpg,1,0000-00-00 00:00:00,0000-00-00 00:00:00
378,186,http://shotym.com/Thumbnails/USPA-SweaterT-shirt_and_Sweatshirt/USPA_T-Shirts/USTS2347.jpg,1,0000-00-00 00:00:00,0000-00-00 00:00:00
380,188,http://shotym.com/Thumbnails/USPA-SweaterT-shirt_and_Sweatshirt/USPA_T-Shirts/USTS2349.jpg,1,0000-00-00 00:00:00,0000-00-00 00:00:00
382,189,http://shotym.com/Thumbnails/USPA-SweaterT-shirt_and_Sweatshirt/USPA_T-Shirts/USTS2350.jpg,1,0000-00-00 00:00:00,0000-00-00 00:00:00
384,190,http://shotym.com/Thumbnails/USPA-SweaterT-shirt_and_Sweatshirt/USPA_T-Shirts/USTS2351.jpg,1,0000-00-00 00:00:00,0000-00-00 00:00:00
386,191,http://shotym.com/Thumbnails/USPA-SweaterT-shirt_and_Sweatshirt/USPA_T-Shirts/USTS2352.jpg,1,0000-00-00 00:00:00,0000-00-00 00:00:00
389,192,http://shotym.com/Thumbnails/USPA-SweaterT-shirt_and_Sweatshirt/USPA_T-Shirts/USTS2353.jpg,1,0000-00-00 00:00:00,0000-00-00 00:00:00
391,193,http://shotym.com/Thumbnails/USPA-SweaterT-shirt_and_Sweatshirt/USPA_T-Shirts/USTS2354.jpg,1,0000-00-00 00:00:00,0000-00-00 00:00:00
393,194,http://shotym.com/Thumbnails/USPA-SweaterT-shirt_and_Sweatshirt/USPA_T-Shirts/USTS2355.jpg,1,0000-00-00 00:00:00,0000-00-00 00:00:00
395,195,http://shotym.com/Thumbnails/USPA-SweaterT-shirt_and_Sweatshirt/USPA_T-Shirts/USTS2356.jpg,1,0000-00-00 00:00:00,0000-00-00 00:00:00
397,196,http://shotym.com/Thumbnails/USPA-SweaterT-shirt_and_Sweatshirt/USPA_T-Shirts/USTS2357.jpg,1,0000-00-00 00:00:00,0000-00-00 00:00:00
399,197,http://shotym.com/Thumbnails/USPA-SweaterT-shirt_and_Sweatshirt/USPA_T-Shirts/USTS2358.jpg,1,0000-00-00 00:00:00,0000-00-00 00:00:00
401,198,http://shotym.com/Thumbnails/USPA-SweaterT-shirt_and_Sweatshirt/USPA_T-Shirts/USTS2359.jpg,1,0000-00-00 00:00:00,0000-00-00 00:00:00
404,199,http://shotym.com/Thumbnails/USPA-SweaterT-shirt_and_Sweatshirt/USPA_T-Shirts/USTS2360.jpg,1,0000-00-00 00:00:00,0000-00-00 00:00:00
407,200,http://shotym.com/Thumbnails/USPA-SweaterT-shirt_and_Sweatshirt/USPA_T-Shirts/USTS2361.jpg,1,0000-00-00 00:00:00,0000-00-00 00:00:00
409,202,http://shotym.com/Thumbnails/USPA-SweaterT-shirt_and_Sweatshirt/USPA_T-Shirts/USTS2363.jpg,1,0000-00-00 00:00:00,0000-00-00 00:00:00
412,203,http://shotym.com/Thumbnails/USPA-SweaterT-shirt_and_Sweatshirt/USPA_T-Shirts/USTS2364.jpg,1,0000-00-00 00:00:00,0000-00-00 00:00:00
415,204,http://shotym.com/Thumbnails/USPA-SweaterT-shirt_and_Sweatshirt/USPA_T-Shirts/USTS2365.jpg,1,0000-00-00 00:00:00,0000-00-00 00:00:00
417,205,http://shotym.com/Thumbnails/USPA-SweaterT-shirt_and_Sweatshirt/USPA_T-Shirts/USTS2366.jpg,1,0000-00-00 00:00:00,0000-00-00 00:00:00
420,206,http://shotym.com/Thumbnails/USPA-SweaterT-shirt_and_Sweatshirt/USPA_T-Shirts/USTS2367.jpg,1,0000-00-00 00:00:00,0000-00-00 00:00:00
423,207,http://shotym.com/Thumbnails/USPA-SweaterT-shirt_and_Sweatshirt/USPA_T-Shirts/USTS2368.jpg,1,0000-00-00 00:00:00,0000-00-00 00:00:00
425,208,http://shotym.com/Thumbnails/USPA-SweaterT-shirt_and_Sweatshirt/USPA_T-Shirts/USTS2369.jpg,1,0000-00-00 00:00:00,0000-00-00 00:00:00
427,209,http://shotym.com/Thumbnails/USPA-SweaterT-shirt_and_Sweatshirt/USPA_T-Shirts/USTS2370.jpg,1,0000-00-00 00:00:00,0000-00-00 00:00:00
430,210,http://shotym.com/Thumbnails/USPA-SweaterT-shirt_and_Sweatshirt/USPA_T-Shirts/USTS2371.jpg,1,0000-00-00 00:00:00,0000-00-00 00:00:00
432,211,http://shotym.com/Thumbnails/USPA-SweaterT-shirt_and_Sweatshirt/USPA_T-Shirts/USTS2372.jpg,1,0000-00-00 00:00:00,0000-00-00 00:00:00
434,212,http://shotym.com/Thumbnails/USPA-SweaterT-shirt_and_Sweatshirt/USPA_T-Shirts/USTS2373.jpg,1,0000-00-00 00:00:00,0000-00-00 00:00:00
436,213,http://shotym.com/Thumbnails/USPA-SweaterT-shirt_and_Sweatshirt/USPA_T-Shirts/USTS2374.jpg,1,0000-00-00 00:00:00,0000-00-00 00:00:00
438,214,http://shotym.com/Thumbnails/USPA-SweaterT-shirt_and_Sweatshirt/USPA_T-Shirts/USTS2375.jpg,1,0000-00-00 00:00:00,0000-00-00 00:00:00
440,215,http://shotym.com/Thumbnails/USPA-SweaterT-shirt_and_Sweatshirt/USPA_T-Shirts/USTS2376.jpg,1,0000-00-00 00:00:00,0000-00-00 00:00:00
443,216,http://shotym.com/Thumbnails/USPA-SweaterT-shirt_and_Sweatshirt/USPA_T-Shirts/USTS2377.jpg,1,0000-00-00 00:00:00,0000-00-00 00:00:00
446,217,http://shotym.com/Thumbnails/USPA-SweaterT-shirt_and_Sweatshirt/USPA_T-Shirts/USTS2378.jpg,1,0000-00-00 00:00:00,0000-00-00 00:00:00
448,218,http://shotym.com/Thumbnails/USPA-SweaterT-shirt_and_Sweatshirt/USPA_T-Shirts/USTS2379.jpg,1,0000-00-00 00:00:00,0000-00-00 00:00:00
450,219,http://shotym.com/Thumbnails/USPA-SweaterT-shirt_and_Sweatshirt/USPA_T-Shirts/USTS2380.jpg,1,0000-00-00 00:00:00,0000-00-00 00:00:00
452,220,http://shotym.com/Thumbnails/USPA-SweaterT-shirt_and_Sweatshirt/USPA_T-Shirts/USTS2381.jpg,1,0000-00-00 00:00:00,0000-00-00 00:00:00
454,221,http://shotym.com/Thumbnails/USPA-SweaterT-shirt_and_Sweatshirt/USPA_T-Shirts/USTS2382.jpg,1,0000-00-00 00:00:00,0000-00-00 00:00:00
456,222,http://shotym.com/Thumbnails/USPA-SweaterT-shirt_and_Sweatshirt/USPA_T-Shirts/USTS2383.jpg,1,0000-00-00 00:00:00,0000-00-00 00:00:00
458,223,http://shotym.com/Thumbnails/USPA-SweaterT-shirt_and_Sweatshirt/USPA_T-Shirts/USTS2384.jpg,1,0000-00-00 00:00:00,0000-00-00 00:00:00
460,224,http://shotym.com/Thumbnails/USPA-SweaterT-shirt_and_Sweatshirt/USPA_T-Shirts/USTS2385.jpg,1,0000-00-00 00:00:00,0000-00-00 00:00:00
462,226,http://shotym.com/Thumbnails/USPA-SweaterT-shirt_and_Sweatshirt/USPA_T-Shirts/USTS2387.jpg,1,0000-00-00 00:00:00,0000-00-00 00:00:00
464,229,http://shotym.com/Thumbnails/USPA-SweaterT-shirt_and_Sweatshirt/USPA_T-Shirts/USTS2390.jpg,1,0000-00-00 00:00:00,0000-00-00 00:00:00
466,230,http://shotym.com/Thumbnails/USPA-SweaterT-shirt_and_Sweatshirt/USPA_T-Shirts/USTS2391.jpg,1,0000-00-00 00:00:00,0000-00-00 00:00:00
468,233,http://shotym.com/Thumbnails/USPA-SweaterT-shirt_and_Sweatshirt/SWEATSHIRTS/USSS0470.jpg,1,0000-00-00 00:00:00,0000-00-00 00:00:00
470,234,http://shotym.com/Thumbnails/USPA-SweaterT-shirt_and_Sweatshirt/SWEATSHIRTS/USSS0471.jpg,1,0000-00-00 00:00:00,0000-00-00 00:00:00
472,235,http://shotym.com/Thumbnails/USPA-SweaterT-shirt_and_Sweatshirt/SWEATSHIRTS/USSS0472.jpg,1,0000-00-00 00:00:00,0000-00-00 00:00:00
474,236,http://shotym.com/Thumbnails/USPA-SweaterT-shirt_and_Sweatshirt/SWEATSHIRTS/USSS0474.jpg,1,0000-00-00 00:00:00,0000-00-00 00:00:00
477,237,http://shotym.com/Thumbnails/USPA-SweaterT-shirt_and_Sweatshirt/SWEATSHIRTS/USSS0475.jpg,1,0000-00-00 00:00:00,0000-00-00 00:00:00
480,238,http://shotym.com/Thumbnails/USPA-SweaterT-shirt_and_Sweatshirt/SWEATSHIRTS/USSS0476.jpg,1,0000-00-00 00:00:00,0000-00-00 00:00:00
483,239,http://shotym.com/Thumbnails/USPA-SweaterT-shirt_and_Sweatshirt/SWEATSHIRTS/USSS0477.jpg,1,0000-00-00 00:00:00,0000-00-00 00:00:00
486,240,http://shotym.com/Thumbnails/USPA-SweaterT-shirt_and_Sweatshirt/SWEATSHIRTS/USSS0478.jpg,1,0000-00-00 00:00:00,0000-00-00 00:00:00
489,241,http://shotym.com/Thumbnails/USPA-SweaterT-shirt_and_Sweatshirt/SWEATSHIRTS/USSS0479.jpg,1,0000-00-00 00:00:00,0000-00-00 00:00:00
492,242,http://shotym.com/Thumbnails/USPA-SweaterT-shirt_and_Sweatshirt/SWEATSHIRTS/USSS0480.jpg,1,0000-00-00 00:00:00,0000-00-00 00:00:00
495,243,http://shotym.com/Thumbnails/USPA-SweaterT-shirt_and_Sweatshirt/SWEATSHIRTS/USSS0481.jpg,1,0000-00-00 00:00:00,0000-00-00 00:00:00
498,244,http://shotym.com/Thumbnails/USPA-SweaterT-shirt_and_Sweatshirt/SWEATSHIRTS/USSS0482.jpg,1,0000-00-00 00:00:00,0000-00-00 00:00:00
501,245,http://shotym.com/Thumbnails/USPA-SweaterT-shirt_and_Sweatshirt/SWEATSHIRTS/USSS0483.jpg,1,0000-00-00 00:00:00,0000-00-00 00:00:00
504,246,http://shotym.com/Thumbnails/USPA-SweaterT-shirt_and_Sweatshirt/SWEATSHIRTS/USSS0484.jpg,1,0000-00-00 00:00:00,0000-00-00 00:00:00
506,247,http://shotym.com/Thumbnails/USPA-SweaterT-shirt_and_Sweatshirt/SWEATSHIRTS/USSS0485.jpg,1,0000-00-00 00:00:00,0000-00-00 00:00:00
509,248,http://shotym.com/Thumbnails/USPA-SweaterT-shirt_and_Sweatshirt/SWEATSHIRTS/USSS0486.jpg,1,0000-00-00 00:00:00,0000-00-00 00:00:00
511,249,http://shotym.com/Thumbnails/USPA-SweaterT-shirt_and_Sweatshirt/SWEATSHIRTS/USSS0487.jpg,1,0000-00-00 00:00:00,0000-00-00 00:00:00
513,250,http://shotym.com/Thumbnails/USPA-SweaterT-shirt_and_Sweatshirt/SWEATSHIRTS/USSS0488.jpg,1,0000-00-00 00:00:00,0000-00-00 00:00:00
515,251,http://shotym.com/Thumbnails/USPA-SweaterT-shirt_and_Sweatshirt/SWEATSHIRTS/USSS0489.jpg,1,0000-00-00 00:00:00,0000-00-00 00:00:00
517,252,http://shotym.com/Thumbnails/USPA-SweaterT-shirt_and_Sweatshirt/SWEATSHIRTS/USSS0490.jpg,1,0000-00-00 00:00:00,0000-00-00 00:00:00
519,253,http://shotym.com/Thumbnails/USPA-SweaterT-shirt_and_Sweatshirt/SWEATSHIRTS/USSS0491.jpg,1,0000-00-00 00:00:00,0000-00-00 00:00:00
521,254,http://shotym.com/Thumbnails/USPA-SweaterT-shirt_and_Sweatshirt/SWEATSHIRTS/USSS0492.jpg,1,0000-00-00 00:00:00,0000-00-00 00:00:00
523,255,http://shotym.com/Thumbnails/USPA-SweaterT-shirt_and_Sweatshirt/SWEATSHIRTS/USSS0493.jpg,1,0000-00-00 00:00:00,0000-00-00 00:00:00
525,257,http://shotym.com/Thumbnails/USPA-SweaterT-shirt_and_Sweatshirt/SWEATSHIRTS/USSS0496.jpg,1,0000-00-00 00:00:00,0000-00-00 00:00:00
527,258,http://shotym.com/Thumbnails/USPA-SweaterT-shirt_and_Sweatshirt/SWEATSHIRTS/USSS0497.jpg,1,0000-00-00 00:00:00,0000-00-00 00:00:00
529,259,http://shotym.com/Thumbnails/USPA-SweaterT-shirt_and_Sweatshirt/SWEATSHIRTS/USSS0498.jpg,1,0000-00-00 00:00:00,0000-00-00 00:00:00
531,260,http://shotym.com/Thumbnails/USPA-SweaterT-shirt_and_Sweatshirt/SWEATSHIRTS/USSS0499.jpg,1,0000-00-00 00:00:00,0000-00-00 00:00:00
533,261,http://shotym.com/Thumbnails/USPA-SweaterT-shirt_and_Sweatshirt/SWEATSHIRTS/USSS0500.jpg,1,0000-00-00 00:00:00,0000-00-00 00:00:00
535,262,http://shotym.com/Thumbnails/USPA-SweaterT-shirt_and_Sweatshirt/SWEATSHIRTS/USSS0501.jpg,1,0000-00-00 00:00:00,0000-00-00 00:00:00
537,263,http://shotym.com/Thumbnails/USPA-SweaterT-shirt_and_Sweatshirt/SWEATSHIRTS/USSS0502.jpg,1,0000-00-00 00:00:00,0000-00-00 00:00:00
539,264,http://shotym.com/Thumbnails/USPA-SweaterT-shirt_and_Sweatshirt/SWEATSHIRTS/USSS0503.jpg,1,0000-00-00 00:00:00,0000-00-00 00:00:00
541,265,http://shotym.com/Thumbnails/USPA-SweaterT-shirt_and_Sweatshirt/SWEATSHIRTS/USSS0504.jpg,1,0000-00-00 00:00:00,0000-00-00 00:00:00
543,266,http://shotym.com/Thumbnails/USPA-SweaterT-shirt_and_Sweatshirt/SWEATSHIRTS/USSS0505.jpg,1,0000-00-00 00:00:00,0000-00-00 00:00:00
545,267,http://shotym.com/Thumbnails/USPA-SweaterT-shirt_and_Sweatshirt/SWEATSHIRTS/USSS0506.jpg,1,0000-00-00 00:00:00,0000-00-00 00:00:00
547,268,http://shotym.com/Thumbnails/USPA-SweaterT-shirt_and_Sweatshirt/SWEATSHIRTS/USSS0507.jpg,1,0000-00-00 00:00:00,0000-00-00 00:00:00
549,269,http://shotym.com/Thumbnails/USPA-SweaterT-shirt_and_Sweatshirt/SWEATSHIRTS/USSS0508.jpg,1,0000-00-00 00:00:00,0000-00-00 00:00:00
551,270,http://shotym.com/Thumbnails/USPA-SweaterT-shirt_and_Sweatshirt/SWEATSHIRTS/USSS0509.jpg,1,0000-00-00 00:00:00,0000-00-00 00:00:00
553,271,http://shotym.com/Thumbnails/USPA-SweaterT-shirt_and_Sweatshirt/SWEATSHIRTS/USSS0510.jpg,1,0000-00-00 00:00:00,0000-00-00 00:00:00
555,272,http://shotym.com/Thumbnails/USPA-SweaterT-shirt_and_Sweatshirt/SWEATSHIRTS/USSS0511.jpg,1,0000-00-00 00:00:00,0000-00-00 00:00:00
557,275,http://shotym.com/Thumbnails/USPA-SweaterT-shirt_and_Sweatshirt/SWEATSHIRTS/USSS0514.jpg,1,0000-00-00 00:00:00,0000-00-00 00:00:00
559,311,http://shotym.com/Thumbnails/USPA-SweaterT-shirt_and_Sweatshirt/SWEATERS/USSW0500.jpg,1,0000-00-00 00:00:00,0000-00-00 00:00:00
561,315,http://shotym.com/Thumbnails/USPA-SweaterT-shirt_and_Sweatshirt/SWEATERS/USSW0504.jpg,1,0000-00-00 00:00:00,0000-00-00 00:00:00
563,316,http://shotym.com/Thumbnails/USPA-SweaterT-shirt_and_Sweatshirt/SWEATERS/USSW0505.jpg,1,0000-00-00 00:00:00,0000-00-00 00:00:00
565,317,http://shotym.com/Thumbnails/USPA-SweaterT-shirt_and_Sweatshirt/SWEATERS/USSW0506.jpg,1,0000-00-00 00:00:00,0000-00-00 00:00:00
567,318,http://shotym.com/Thumbnails/USPA-SweaterT-shirt_and_Sweatshirt/SWEATERS/USSW0507.jpg,1,0000-00-00 00:00:00,0000-00-00 00:00:00
569,319,http://shotym.com/Thumbnails/USPA-SweaterT-shirt_and_Sweatshirt/SWEATERS/USSW0508.jpg,1,0000-00-00 00:00:00,0000-00-00 00:00:00
571,320,http://shotym.com/Thumbnails/USPA-SweaterT-shirt_and_Sweatshirt/SWEATERS/USSW0509.jpg,1,0000-00-00 00:00:00,0000-00-00 00:00:00
573,321,http://shotym.com/Thumbnails/USPA-SweaterT-shirt_and_Sweatshirt/SWEATERS/USSW0510.jpg,1,0000-00-00 00:00:00,0000-00-00 00:00:00
575,322,http://shotym.com/Thumbnails/USPA-SweaterT-shirt_and_Sweatshirt/SWEATERS/USSW0511.jpg,1,0000-00-00 00:00:00,0000-00-00 00:00:00
577,323,http://shotym.com/Thumbnails/USPA-SweaterT-shirt_and_Sweatshirt/SWEATERS/USSW0512.jpg,1,0000-00-00 00:00:00,0000-00-00 00:00:00
579,324,http://shotym.com/Thumbnails/USPA-SweaterT-shirt_and_Sweatshirt/SWEATERS/USSW0513.jpg,1,0000-00-00 00:00:00,0000-00-00 00:00:00
581,325,http://shotym.com/Thumbnails/USPA-SweaterT-shirt_and_Sweatshirt/SWEATERS/USSW0514.jpg,1,0000-00-00 00:00:00,0000-00-00 00:00:00
583,328,http://shotym.com/Thumbnails/USPA-SweaterT-shirt_and_Sweatshirt/SWEATERS/USSW0517.jpg,1,0000-00-00 00:00:00,0000-00-00 00:00:00
585,329,http://shotym.com/Thumbnails/USPA-SweaterT-shirt_and_Sweatshirt/SWEATERS/USSW0518.jpg,1,0000-00-00 00:00:00,0000-00-00 00:00:00
587,330,http://shotym.com/Thumbnails/USPA-SweaterT-shirt_and_Sweatshirt/SWEATERS/USSW0519.jpg,1,0000-00-00 00:00:00,0000-00-00 00:00:00
589,331,http://shotym.com/Thumbnails/USPA-SweaterT-shirt_and_Sweatshirt/SWEATERS/USSW0520.jpg,1,0000-00-00 00:00:00,0000-00-00 00:00:00
591,332,http://shotym.com/Thumbnails/USPA-SweaterT-shirt_and_Sweatshirt/SWEATERS/USSW0521.jpg,1,0000-00-00 00:00:00,0000-00-00 00:00:00
593,333,http://shotym.com/Thumbnails/USPA-SweaterT-shirt_and_Sweatshirt/SWEATERS/USSW0522.jpg,1,0000-00-00 00:00:00,0000-00-00 00:00:00
595,334,http://shotym.com/Thumbnails/USPA-SweaterT-shirt_and_Sweatshirt/SWEATERS/USSW0523.jpg,1,0000-00-00 00:00:00,0000-00-00 00:00:00
597,336,http://shotym.com/Thumbnails/USPA-SweaterT-shirt_and_Sweatshirt/SWEATERS/USSW0525.jpg,1,0000-00-00 00:00:00,0000-00-00 00:00:00
599,337,http://shotym.com/Thumbnails/USPA-SweaterT-shirt_and_Sweatshirt/SWEATERS/USSW0526.jpg,1,0000-00-00 00:00:00,0000-00-00 00:00:00
601,338,http://shotym.com/Thumbnails/USPA-SweaterT-shirt_and_Sweatshirt/SWEATERS/USSW0527.jpg,1,0000-00-00 00:00:00,0000-00-00 00:00:00
603,339,http://shotym.com/Thumbnails/USPA-SweaterT-shirt_and_Sweatshirt/SWEATERS/USSW0528.jpg,1,0000-00-00 00:00:00,0000-00-00 00:00:00
605,340,http://shotym.com/Thumbnails/USPA-SweaterT-shirt_and_Sweatshirt/SWEATERS/USSW0529.jpg,1,0000-00-00 00:00:00,0000-00-00 00:00:00
607,341,http://shotym.com/Thumbnails/USPA-SweaterT-shirt_and_Sweatshirt/SWEATERS/USSW0530.jpg,1,0000-00-00 00:00:00,0000-00-00 00:00:00
609,342,http://shotym.com/Thumbnails/USPA-SweaterT-shirt_and_Sweatshirt/SWEATERS/USSW0531.jpg,1,0000-00-00 00:00:00,0000-00-00 00:00:00
611,343,http://shotym.com/Thumbnails/USPA-SweaterT-shirt_and_Sweatshirt/SWEATERS/USSW0532.jpg,1,0000-00-00 00:00:00,0000-00-00 00:00:00
613,345,http://shotym.com/Thumbnails/USPA-SweaterT-shirt_and_Sweatshirt/SWEATERS/USSW0534.jpg,1,0000-00-00 00:00:00,0000-00-00 00:00:00
615,346,http://shotym.com/Thumbnails/USPA-SweaterT-shirt_and_Sweatshirt/SWEATERS/USSW0535.jpg,1,0000-00-00 00:00:00,0000-00-00 00:00:00
617,348,http://shotym.com/Thumbnails/USPA-SweaterT-shirt_and_Sweatshirt/SWEATERS/USSW0537.jpg,1,0000-00-00 00:00:00,0000-00-00 00:00:00
619,350,http://shotym.com/Thumbnails/USPA-SweaterT-shirt_and_Sweatshirt/SWEATERS/USSW0539.jpg,1,0000-00-00 00:00:00,0000-00-00 00:00:00
621,351,http://shotym.com/Thumbnails/USPA-SweaterT-shirt_and_Sweatshirt/SWEATERS/USSW0540.jpg,1,0000-00-00 00:00:00,0000-00-00 00:00:00
623,353,http://shotym.com/Thumbnails/USPA-SweaterT-shirt_and_Sweatshirt/SWEATERS/USSW0542.jpg,1,0000-00-00 00:00:00,0000-00-00 00:00:00
625,354,http://shotym.com/Thumbnails/USPA-SweaterT-shirt_and_Sweatshirt/SWEATERS/USSW0543.jpg,1,0000-00-00 00:00:00,0000-00-00 00:00:00
627,356,http://shotym.com/Thumbnails/USPA-SweaterT-shirt_and_Sweatshirt/SWEATERS/USSW0545.jpg,1,0000-00-00 00:00:00,0000-00-00 00:00:00
629,357,http://shotym.com/Thumbnails/USPA-SweaterT-shirt_and_Sweatshirt/SWEATERS/USSW0546.jpg,1,0000-00-00 00:00:00,0000-00-00 00:00:00
631,358,http://shotym.com/Thumbnails/USPA-SweaterT-shirt_and_Sweatshirt/SWEATERS/USSW0547.jpg,1,0000-00-00 00:00:00,0000-00-00 00:00:00
633,359,http://shotym.com/Thumbnails/USPA-SweaterT-shirt_and_Sweatshirt/SWEATERS/USSW0548.jpg,1,0000-00-00 00:00:00,0000-00-00 00:00:00
635,361,http://shotym.com/Thumbnails/USPA-SweaterT-shirt_and_Sweatshirt/SWEATERS/USSW0550.jpg,1,0000-00-00 00:00:00,0000-00-00 00:00:00
637,367,http://shotym.com/Thumbnails/USPA-SweaterT-shirt_and_Sweatshirt/SWEATERS/USSW0560.jpg,1,0000-00-00 00:00:00,0000-00-00 00:00:00
639,368,http://shotym.com/Thumbnails/USPA-SweaterT-shirt_and_Sweatshirt/SWEATERS/USSW0561.jpg,1,0000-00-00 00:00:00,0000-00-00 00:00:00
641,369,http://shotym.com/Thumbnails/USPA-SweaterT-shirt_and_Sweatshirt/SWEATERS/USSW0562.jpg,1,0000-00-00 00:00:00,0000-00-00 00:00:00
643,370,http://shotym.com/Thumbnails/USPA-SweaterT-shirt_and_Sweatshirt/SWEATERS/USSW0563.jpg,1,0000-00-00 00:00:00,0000-00-00 00:00:00
645,373,http://shotym.com/Thumbnails/USPA-SweaterT-shirt_and_Sweatshirt/SWEATERS/USSW0566.jpg,1,0000-00-00 00:00:00,0000-00-00 00:00:00
647,374,http://shotym.com/Thumbnails/USPA-SweaterT-shirt_and_Sweatshirt/SWEATERS/USSW0567.jpg,1,0000-00-00 00:00:00,0000-00-00 00:00:00
649,375,http://shotym.com/Thumbnails/USPA-SweaterT-shirt_and_Sweatshirt/SWEATERS/USSW0568.jpg,1,0000-00-00 00:00:00,0000-00-00 00:00:00
651,379,http://shotym.com/Thumbnails/USPA-SweaterT-shirt_and_Sweatshirt/SWEATERS/USSW0572.jpg,1,0000-00-00 00:00:00,0000-00-00 00:00:00
653,380,http://shotym.com/Thumbnails/USPA-SweaterT-shirt_and_Sweatshirt/SWEATERS/USSW0573.jpg,1,0000-00-00 00:00:00,0000-00-00 00:00:00
655,381,http://shotym.com/Thumbnails/USPA-SweaterT-shirt_and_Sweatshirt/SWEATERS/USSW0574.jpg,1,0000-00-00 00:00:00,0000-00-00 00:00:00
657,382,http://shotym.com/Thumbnails/USPA-SweaterT-shirt_and_Sweatshirt/SWEATERS/USSW0575.jpg,1,0000-00-00 00:00:00,0000-00-00 00:00:00
659,383,http://shotym.com/Thumbnails/USPA-SweaterT-shirt_and_Sweatshirt/SWEATERS/USSW0576.jpg,1,0000-00-00 00:00:00,0000-00-00 00:00:00
661,384,http://shotym.com/Thumbnails/USPA-SweaterT-shirt_and_Sweatshirt/SWEATERS/USSW0577.jpg,1,0000-00-00 00:00:00,0000-00-00 00:00:00
663,385,http://shotym.com/Thumbnails/USPA-SweaterT-shirt_and_Sweatshirt/SWEATERS/USSW0578.jpg,1,0000-00-00 00:00:00,0000-00-00 00:00:00
665,386,http://shotym.com/Thumbnails/USPA-SweaterT-shirt_and_Sweatshirt/SWEATERS/USSW0579.jpg,1,0000-00-00 00:00:00,0000-00-00 00:00:00
667,387,http://shotym.com/Thumbnails/USPA-SweaterT-shirt_and_Sweatshirt/SWEATERS/USSW0580.jpg,1,0000-00-00 00:00:00,0000-00-00 00:00:00
669,388,http://shotym.com/Thumbnails/USPA-SweaterT-shirt_and_Sweatshirt/SWEATERS/USSW0581.jpg,1,0000-00-00 00:00:00,0000-00-00 00:00:00
671,451,http://shotym.com/Thumbnails/USPA_Mens_Shirts/USSH3801.jpg,1,0000-00-00 00:00:00,0000-00-00 00:00:00
673,452,http://shotym.com/Thumbnails/USPA_Mens_Shirts/USSH3802.jpg,1,0000-00-00 00:00:00,0000-00-00 00:00:00
675,453,http://shotym.com/Thumbnails/USPA_Mens_Shirts/USSH3803.jpg,1,0000-00-00 00:00:00,0000-00-00 00:00:00
677,454,http://shotym.com/Thumbnails/USPA_Mens_Shirts/USSH3804.jpg,1,0000-00-00 00:00:00,0000-00-00 00:00:00
679,455,http://shotym.com/Thumbnails/USPA_Mens_Shirts/USSH3805.jpg,1,0000-00-00 00:00:00,0000-00-00 00:00:00
681,456,http://shotym.com/Thumbnails/USPA_Mens_Shirts/USSH3806.jpg,1,0000-00-00 00:00:00,0000-00-00 00:00:00
683,457,http://shotym.com/Thumbnails/USPA_Mens_Shirts/USSH3807.jpg,1,0000-00-00 00:00:00,0000-00-00 00:00:00
685,458,http://shotym.com/Thumbnails/USPA_Mens_Shirts/USSH3808.jpg,1,0000-00-00 00:00:00,0000-00-00 00:00:00
687,459,http://shotym.com/Thumbnails/USPA_Mens_Shirts/USSH3809.jpg,1,0000-00-00 00:00:00,0000-00-00 00:00:00
689,460,http://shotym.com/Thumbnails/USPA_Mens_Shirts/USSH3810.jpg,1,0000-00-00 00:00:00,0000-00-00 00:00:00
691,461,http://shotym.com/Thumbnails/USPA_Mens_Shirts/USSH3811.jpg,1,0000-00-00 00:00:00,0000-00-00 00:00:00
693,462,http://shotym.com/Thumbnails/USPA_Mens_Shirts/USSH3812.jpg,1,0000-00-00 00:00:00,0000-00-00 00:00:00
695,463,http://shotym.com/Thumbnails/USPA_Mens_Shirts/USSH3813.jpg,1,0000-00-00 00:00:00,0000-00-00 00:00:00
697,464,http://shotym.com/Thumbnails/USPA_Mens_Shirts/USSH3814.jpg,1,0000-00-00 00:00:00,0000-00-00 00:00:00
699,465,http://shotym.com/Thumbnails/USPA_Mens_Shirts/USSH3815.jpg,1,0000-00-00 00:00:00,0000-00-00 00:00:00
701,466,http://shotym.com/Thumbnails/USPA_Mens_Shirts/USSH3816.jpg,1,0000-00-00 00:00:00,0000-00-00 00:00:00
703,467,http://shotym.com/Thumbnails/USPA_Mens_Shirts/USSH3817.jpg,1,0000-00-00 00:00:00,0000-00-00 00:00:00
705,468,http://shotym.com/Thumbnails/USPA_Mens_Shirts/USSH3818.jpg,1,0000-00-00 00:00:00,0000-00-00 00:00:00
707,469,http://shotym.com/Thumbnails/USPA_Mens_Shirts/USSH3819.jpg,1,0000-00-00 00:00:00,0000-00-00 00:00:00
709,470,http://shotym.com/Thumbnails/USPA_Mens_Shirts/USSH3820.jpg,1,0000-00-00 00:00:00,0000-00-00 00:00:00
711,471,http://shotym.com/Thumbnails/USPA_Mens_Shirts/USSH3821.jpg,1,0000-00-00 00:00:00,0000-00-00 00:00:00
713,472,http://shotym.com/Thumbnails/USPA_Mens_Shirts/USSH3822.jpg,1,0000-00-00 00:00:00,0000-00-00 00:00:00
715,473,http://shotym.com/Thumbnails/USPA_Mens_Shirts/USSH3823.jpg,1,0000-00-00 00:00:00,0000-00-00 00:00:00
717,474,http://shotym.com/Thumbnails/USPA_Mens_Shirts/USSH3824.jpg,1,0000-00-00 00:00:00,0000-00-00 00:00:00
719,475,http://shotym.com/Thumbnails/USPA_Mens_Shirts/USSH3825.jpg,1,0000-00-00 00:00:00,0000-00-00 00:00:00
721,476,http://shotym.com/Thumbnails/USPA_Mens_Shirts/USSH3826.jpg,1,0000-00-00 00:00:00,0000-00-00 00:00:00
723,477,http://shotym.com/Thumbnails/USPA_Mens_Shirts/USSH3827.jpg,1,0000-00-00 00:00:00,0000-00-00 00:00:00
725,478,http://shotym.com/Thumbnails/USPA_Mens_Shirts/USSH3828.jpg,1,0000-00-00 00:00:00,0000-00-00 00:00:00
727,479,http://shotym.com/Thumbnails/USPA_Mens_Shirts/USSH3829.jpg,1,0000-00-00 00:00:00,0000-00-00 00:00:00
729,480,http://shotym.com/Thumbnails/USPA_Mens_Shirts/USSH3830.jpg,1,0000-00-00 00:00:00,0000-00-00 00:00:00
731,481,http://shotym.com/Thumbnails/USPA_Mens_Shirts/USSH3831.jpg,1,0000-00-00 00:00:00,0000-00-00 00:00:00
733,482,http://shotym.com/Thumbnails/USPA_Mens_Shirts/USSH3832.jpg,1,0000-00-00 00:00:00,0000-00-00 00:00:00
735,483,http://shotym.com/Thumbnails/USPA_Mens_Shirts/USSH3833.jpg,1,0000-00-00 00:00:00,0000-00-00 00:00:00
737,484,http://shotym.com/Thumbnails/USPA_Mens_Shirts/USSH3834.jpg,1,0000-00-00 00:00:00,0000-00-00 00:00:00
739,485,http://shotym.com/Thumbnails/USPA_Mens_Shirts/USSH3835.jpg,1,0000-00-00 00:00:00,0000-00-00 00:00:00
741,486,http://shotym.com/Thumbnails/USPA_Mens_Shirts/USSH3836.jpg,1,0000-00-00 00:00:00,0000-00-00 00:00:00
743,487,http://shotym.com/Thumbnails/USPA_Mens_Shirts/USSH3837.jpg,1,0000-00-00 00:00:00,0000-00-00 00:00:00
745,488,http://shotym.com/Thumbnails/USPA_Mens_Shirts/USSH3838.jpg,1,0000-00-00 00:00:00,0000-00-00 00:00:00
747,489,http://shotym.com/Thumbnails/USPA_Mens_Shirts/USSH3839.jpg,1,0000-00-00 00:00:00,0000-00-00 00:00:00
749,490,http://shotym.com/Thumbnails/USPA_Mens_Shirts/USSH3840.jpg,1,0000-00-00 00:00:00,0000-00-00 00:00:00
751,491,http://shotym.com/Thumbnails/USPA_Mens_Shirts/USSH3841.jpg,1,0000-00-00 00:00:00,0000-00-00 00:00:00
753,492,http://shotym.com/Thumbnails/USPA_Mens_Shirts/USSH3842.jpg,1,0000-00-00 00:00:00,0000-00-00 00:00:00
755,493,http://shotym.com/Thumbnails/USPA_Mens_Shirts/USSH3843.jpg,1,0000-00-00 00:00:00,0000-00-00 00:00:00
757,494,http://shotym.com/Thumbnails/USPA_Mens_Shirts/USSH3844.jpg,1,0000-00-00 00:00:00,0000-00-00 00:00:00
759,495,http://shotym.com/Thumbnails/USPA_Mens_Shirts/USSH3845.jpg,1,0000-00-00 00:00:00,0000-00-00 00:00:00
761,496,http://shotym.com/Thumbnails/USPA_Mens_Shirts/USSH3846.jpg,1,0000-00-00 00:00:00,0000-00-00 00:00:00
763,497,http://shotym.com/Thumbnails/USPA_Mens_Shirts/USSH3847.jpg,1,0000-00-00 00:00:00,0000-00-00 00:00:00
765,498,http://shotym.com/Thumbnails/USPA_Mens_Shirts/USSH3848.jpg,1,0000-00-00 00:00:00,0000-00-00 00:00:00
767,499,http://shotym.com/Thumbnails/USPA_Mens_Shirts/USSH3849.jpg,1,0000-00-00 00:00:00,0000-00-00 00:00:00
769,500,http://shotym.com/Thumbnails/USPA_Mens_Shirts/USSH3850.jpg,1,0000-00-00 00:00:00,0000-00-00 00:00:00
771,502,http://shotym.com/Thumbnails/USPA_Mens_Shirts/USSH3852.jpg,1,0000-00-00 00:00:00,0000-00-00 00:00:00
773,503,http://shotym.com/Thumbnails/USPA_Mens_Shirts/USSH3853.jpg,1,0000-00-00 00:00:00,0000-00-00 00:00:00
775,504,http://shotym.com/Thumbnails/USPA_Mens_Shirts/USSH3854.jpg,1,0000-00-00 00:00:00,0000-00-00 00:00:00
777,505,http://shotym.com/Thumbnails/USPA_Mens_Shirts/USSH3855.jpg,1,0000-00-00 00:00:00,0000-00-00 00:00:00
779,506,http://shotym.com/Thumbnails/USPA_Mens_Shirts/USSH3856.jpg,1,0000-00-00 00:00:00,0000-00-00 00:00:00
781,507,http://shotym.com/Thumbnails/USPA_Mens_Shirts/USSH3857.jpg,1,0000-00-00 00:00:00,0000-00-00 00:00:00
783,508,http://shotym.com/Thumbnails/USPA_Mens_Shirts/USSH3858.jpg,1,0000-00-00 00:00:00,0000-00-00 00:00:00
785,509,http://shotym.com/Thumbnails/USPA_Mens_Shirts/USSH3859.jpg,1,0000-00-00 00:00:00,0000-00-00 00:00:00
787,510,http://shotym.com/Thumbnails/USPA_Mens_Shirts/USSH3860.jpg,1,0000-00-00 00:00:00,0000-00-00 00:00:00
789,511,http://shotym.com/Thumbnails/USPA_Mens_Shirts/USSH3861.jpg,1,0000-00-00 00:00:00,0000-00-00 00:00:00
791,512,http://shotym.com/Thumbnails/USPA_Mens_Shirts/USSH3862.jpg,1,0000-00-00 00:00:00,0000-00-00 00:00:00
793,513,http://shotym.com/Thumbnails/USPA_Mens_Shirts/USSH3863.jpg,1,0000-00-00 00:00:00,0000-00-00 00:00:00
795,514,http://shotym.com/Thumbnails/USPA_Mens_Shirts/USSH3864.jpg,1,0000-00-00 00:00:00,0000-00-00 00:00:00
797,515,http://shotym.com/Thumbnails/USPA_Mens_Shirts/USSH3865.jpg,1,0000-00-00 00:00:00,0000-00-00 00:00:00
799,516,http://shotym.com/Thumbnails/USPA_Mens_Shirts/USSH3866.jpg,1,0000-00-00 00:00:00,0000-00-00 00:00:00
801,517,http://shotym.com/Thumbnails/USPA_Mens_Shirts/USSH3867.jpg,1,0000-00-00 00:00:00,0000-00-00 00:00:00
803,518,http://shotym.com/Thumbnails/USPA_Mens_Shirts/USSH3868.jpg,1,0000-00-00 00:00:00,0000-00-00 00:00:00
805,519,http://shotym.com/Thumbnails/USPA_Mens_Shirts/USSH3869.jpg,1,0000-00-00 00:00:00,0000-00-00 00:00:00
807,520,http://shotym.com/Thumbnails/USPA_Mens_Shirts/USSH3870.jpg,1,0000-00-00 00:00:00,0000-00-00 00:00:00
809,521,http://shotym.com/Thumbnails/USPA_Mens_Shirts/USSH3871.jpg,1,0000-00-00 00:00:00,0000-00-00 00:00:00
811,522,http://shotym.com/Thumbnails/USPA_Mens_Shirts/USSH3872.jpg,1,0000-00-00 00:00:00,0000-00-00 00:00:00
813,523,http://shotym.com/Thumbnails/USPA_Mens_Shirts/USSH3873.jpg,1,0000-00-00 00:00:00,0000-00-00 00:00:00
815,524,http://shotym.com/Thumbnails/USPA_Mens_Shirts/USSH3874.jpg,1,0000-00-00 00:00:00,0000-00-00 00:00:00
817,525,http://shotym.com/Thumbnails/USPA_Mens_Shirts/USSH3875.jpg,1,0000-00-00 00:00:00,0000-00-00 00:00:00
819,526,http://shotym.com/Thumbnails/USPA_Mens_Shirts/USSH3876.jpg,1,0000-00-00 00:00:00,0000-00-00 00:00:00
821,527,http://shotym.com/Thumbnails/USPA_Mens_Shirts/USSH3877.jpg,1,0000-00-00 00:00:00,0000-00-00 00:00:00
823,528,http://shotym.com/Thumbnails/USPA_Mens_Shirts/USSH3878.jpg,1,0000-00-00 00:00:00,0000-00-00 00:00:00
825,529,http://shotym.com/Thumbnails/USPA_Mens_Shirts/USSH3879.jpg,1,0000-00-00 00:00:00,0000-00-00 00:00:00
827,530,http://shotym.com/Thumbnails/USPA_Mens_Shirts/USSH3880.jpg,1,0000-00-00 00:00:00,0000-00-00 00:00:00
829,531,http://shotym.com/Thumbnails/USPA_Mens_Shirts/USSH3881.jpg,1,0000-00-00 00:00:00,0000-00-00 00:00:00
831,532,http://shotym.com/Thumbnails/USPA_Mens_Shirts/USSH3882.jpg,1,0000-00-00 00:00:00,0000-00-00 00:00:00
833,533,http://shotym.com/Thumbnails/USPA_Mens_Shirts/USSH3883.jpg,1,0000-00-00 00:00:00,0000-00-00 00:00:00
835,534,http://shotym.com/Thumbnails/USPA_Mens_Shirts/USSH3884.jpg,1,0000-00-00 00:00:00,0000-00-00 00:00:00
837,535,http://shotym.com/Thumbnails/USPA_Mens_Shirts/USSH3885.jpg,1,0000-00-00 00:00:00,0000-00-00 00:00:00
839,536,http://shotym.com/Thumbnails/USPA_Mens_Shirts/USSH3886.jpg,1,0000-00-00 00:00:00,0000-00-00 00:00:00
841,537,http://shotym.com/Thumbnails/USPA_Mens_Shirts/USSH3887.jpg,1,0000-00-00 00:00:00,0000-00-00 00:00:00
843,538,http://shotym.com/Thumbnails/USPA_Mens_Shirts/USSH3888.jpg,1,0000-00-00 00:00:00,0000-00-00 00:00:00
845,539,http://shotym.com/Thumbnails/USPA_Mens_Shirts/USSH3889.jpg,1,0000-00-00 00:00:00,0000-00-00 00:00:00
847,540,http://shotym.com/Thumbnails/USPA_Mens_Shirts/USSH3890.jpg,1,0000-00-00 00:00:00,0000-00-00 00:00:00
849,541,http://shotym.com/Thumbnails/USPA_Mens_Shirts/USSH3891.jpg,1,0000-00-00 00:00:00,0000-00-00 00:00:00
851,542,http://shotym.com/Thumbnails/USPA_Mens_Shirts/USSH3892.jpg,1,0000-00-00 00:00:00,0000-00-00 00:00:00
853,543,http://shotym.com/Thumbnails/USPA_Mens_Shirts/USSH3893.jpg,1,0000-00-00 00:00:00,0000-00-00 00:00:00
855,544,http://shotym.com/Thumbnails/USPA_Mens_Shirts/USSH3894.jpg,1,0000-00-00 00:00:00,0000-00-00 00:00:00
857,545,http://shotym.com/Thumbnails/USPA_Mens_Shirts/USSH3895.jpg,1,0000-00-00 00:00:00,0000-00-00 00:00:00
859,555,http://shotym.com/Thumbnails/USPA_Mens_Shirts/USSH3905.jpg,1,0000-00-00 00:00:00,0000-00-00 00:00:00
861,556,http://shotym.com/Thumbnails/USPA_Mens_Shirts/USSH3906.jpg,1,0000-00-00 00:00:00,0000-00-00 00:00:00
863,557,http://shotym.com/Thumbnails/USPA_Mens_Shirts/USSH3907.jpg,1,0000-00-00 00:00:00,0000-00-00 00:00:00
865,558,http://shotym.com/Thumbnails/USPA_Mens_Shirts/USSH3908.jpg,1,0000-00-00 00:00:00,0000-00-00 00:00:00
867,559,http://shotym.com/Thumbnails/USPA_Mens_Shirts/USSH3909.jpg,1,0000-00-00 00:00:00,0000-00-00 00:00:00
869,560,http://shotym.com/Thumbnails/USPA_Mens_Shirts/USSH3910.jpg,1,0000-00-00 00:00:00,0000-00-00 00:00:00
871,561,http://shotym.com/Thumbnails/USPA_Mens_Shirts/USSH3911.jpg,1,0000-00-00 00:00:00,0000-00-00 00:00:00
873,562,http://shotym.com/Thumbnails/USPA_Mens_Shirts/USSH3912.jpg,1,0000-00-00 00:00:00,0000-00-00 00:00:00
875,563,http://shotym.com/Thumbnails/USPA_Mens_Shirts/USSH3913.jpg,1,0000-00-00 00:00:00,0000-00-00 00:00:00
877,564,http://shotym.com/Thumbnails/USPA_Mens_Shirts/USSH3950.jpg,1,0000-00-00 00:00:00,0000-00-00 00:00:00
879,565,http://shotym.com/Thumbnails/USPA_Mens_Shirts/USSH3951.jpg,1,0000-00-00 00:00:00,0000-00-00 00:00:00
881,566,http://shotym.com/Thumbnails/USPA_Mens_Shirts/USSH3952.jpg,1,0000-00-00 00:00:00,0000-00-00 00:00:00
883,567,http://shotym.com/Thumbnails/USPA_Mens_Shirts/USSH3953.jpg,1,0000-00-00 00:00:00,0000-00-00 00:00:00
885,568,http://shotym.com/Thumbnails/USPA_Mens_Shirts/USSH3954.jpg,1,0000-00-00 00:00:00,0000-00-00 00:00:00
887,569,http://shotym.com/Thumbnails/USPA_Mens_Shirts/USSH3955.jpg,1,0000-00-00 00:00:00,0000-00-00 00:00:00
889,570,http://shotym.com/Thumbnails/USPA_Mens_Shirts/USSH3956.jpg,1,0000-00-00 00:00:00,0000-00-00 00:00:00
891,571,http://shotym.com/Thumbnails/USPA_Mens_Shirts/USSH3957.jpg,1,0000-00-00 00:00:00,0000-00-00 00:00:00
893,572,http://shotym.com/Thumbnails/USPA_Mens_Shirts/USSH3958.jpg,1,0000-00-00 00:00:00,0000-00-00 00:00:00
895,573,http://shotym.com/Thumbnails/USPA_Mens_Shirts/USSH3959.jpg,1,0000-00-00 00:00:00,0000-00-00 00:00:00
897,576,http://shotym.com/Thumbnails/USPA_Mens_Shirts/USSH3962.jpg,1,0000-00-00 00:00:00,0000-00-00 00:00:00
899,577,http://shotym.com/Thumbnails/USPA_Mens_Shirts/USSH3963.jpg,1,0000-00-00 00:00:00,0000-00-00 00:00:00
901,578,http://shotym.com/Thumbnails/USPA_Mens_Shirts/USSH3964.jpg,1,0000-00-00 00:00:00,0000-00-00 00:00:00
903,579,http://shotym.com/Thumbnails/USPA_Mens_Shirts/USSH3965.jpg,1,0000-00-00 00:00:00,0000-00-00 00:00:00
905,580,http://shotym.com/Thumbnails/USPA_Mens_Shirts/USSH3966.jpg,1,0000-00-00 00:00:00,0000-00-00 00:00:00
907,581,http://shotym.com/Thumbnails/USPA_Mens_Shirts/USSH3967.jpg,1,0000-00-00 00:00:00,0000-00-00 00:00:00
909,582,http://shotym.com/Thumbnails/USPA_Mens_Shirts/USSH3968.jpg,1,0000-00-00 00:00:00,0000-00-00 00:00:00
911,583,http://shotym.com/Thumbnails/USPA_Mens_Shirts/USSH3969.jpg,1,0000-00-00 00:00:00,0000-00-00 00:00:00
913,584,http://shotym.com/Thumbnails/USPA_Mens_Shirts/USSH3970.jpg,1,0000-00-00 00:00:00,0000-00-00 00:00:00
915,585,http://shotym.com/Thumbnails/USPA_Mens_Shirts/USSH3971.jpg,1,0000-00-00 00:00:00,0000-00-00 00:00:00
917,586,http://shotym.com/Thumbnails/USPA_Mens_Shirts/USSH3972.jpg,1,0000-00-00 00:00:00,0000-00-00 00:00:00
919,587,http://shotym.com/Thumbnails/USPA_Mens_Shirts/USSH3973.jpg,1,0000-00-00 00:00:00,0000-00-00 00:00:00
921,588,http://shotym.com/Thumbnails/USPA_Mens_Shirts/USSH3974.jpg,1,0000-00-00 00:00:00,0000-00-00 00:00:00
923,589,http://shotym.com/Thumbnails/USPA_Mens_Shirts/USSH3975.jpg,1,0000-00-00 00:00:00,0000-00-00 00:00:00
925,590,http://shotym.com/Thumbnails/USPA_Mens_Shirts/USSH3976.jpg,1,0000-00-00 00:00:00,0000-00-00 00:00:00
927,591,http://shotym.com/Thumbnails/USPA_Mens_Shirts/USSH3977.jpg,1,0000-00-00 00:00:00,0000-00-00 00:00:00
929,592,http://shotym.com/Thumbnails/USPA_Mens_Shirts/USSH3978.jpg,1,0000-00-00 00:00:00,0000-00-00 00:00:00
931,593,http://shotym.com/Thumbnails/USPA_Mens_Shirts/USSH3979.jpg,1,0000-00-00 00:00:00,0000-00-00 00:00:00
933,594,http://shotym.com/Thumbnails/USPA_Mens_Shirts/USSH3980.jpg,1,0000-00-00 00:00:00,0000-00-00 00:00:00
935,595,http://shotym.com/Thumbnails/USPA_Mens_Shirts/USSH3981.jpg,1,0000-00-00 00:00:00,0000-00-00 00:00:00
937,596,http://shotym.com/Thumbnails/USPA_Mens_Shirts/USSH3982.jpg,1,0000-00-00 00:00:00,0000-00-00 00:00:00
939,597,http://shotym.com/Thumbnails/USPA_Mens_Shirts/USSH3983.jpg,1,0000-00-00 00:00:00,0000-00-00 00:00:00
941,598,http://shotym.com/Thumbnails/USPA_Mens_Shirts/USSH3984.jpg,1,0000-00-00 00:00:00,0000-00-00 00:00:00
943,599,http://shotym.com/Thumbnails/USPA_Mens_Shirts/USSH3985.jpg,1,0000-00-00 00:00:00,0000-00-00 00:00:00
945,600,http://shotym.com/Thumbnails/USPA_Mens_Shirts/USSH3986.jpg,1,0000-00-00 00:00:00,0000-00-00 00:00:00
947,601,http://shotym.com/Thumbnails/USPA_Mens_Shirts/USSH3987.jpg,1,0000-00-00 00:00:00,0000-00-00 00:00:00
949,602,http://shotym.com/Thumbnails/USPA_Mens_Shirts/USSH3988.jpg,1,0000-00-00 00:00:00,0000-00-00 00:00:00
951,603,http://shotym.com/Thumbnails/USPA_Mens_Shirts/USSH3989.jpg,1,0000-00-00 00:00:00,0000-00-00 00:00:00
953,604,http://shotym.com/Thumbnails/USPA_Mens_Shirts/USSH3990.jpg,1,0000-00-00 00:00:00,0000-00-00 00:00:00
955,605,http://shotym.com/Thumbnails/USPA_Mens_Shirts/USSH3991.jpg,1,0000-00-00 00:00:00,0000-00-00 00:00:00
957,606,http://shotym.com/Thumbnails/USPA_Mens_Shirts/USSH3992.jpg,1,0000-00-00 00:00:00,0000-00-00 00:00:00
959,607,http://shotym.com/Thumbnails/USPA_Mens_Shirts/USSH3993.jpg,1,0000-00-00 00:00:00,0000-00-00 00:00:00
961,608,http://shotym.com/Thumbnails/USPA_Mens_Shirts/USSH3994.jpg,1,0000-00-00 00:00:00,0000-00-00 00:00:00
963,609,http://shotym.com/Thumbnails/USPA_Mens_Shirts/USSH3995.jpg,1,0000-00-00 00:00:00,0000-00-00 00:00:00
965,610,http://shotym.com/Thumbnails/USPA_Mens_Shirts/USSH3996.jpg,1,0000-00-00 00:00:00,0000-00-00 00:00:00
967,611,http://shotym.com/Thumbnails/USPA_Mens_Shirts/USSH3997.jpg,1,0000-00-00 00:00:00,0000-00-00 00:00:00
969,612,http://shotym.com/Thumbnails/USPA_Mens_Shirts/USSH3998.jpg,1,0000-00-00 00:00:00,0000-00-00 00:00:00
971,613,http://shotym.com/Thumbnails/USPA_Mens_Shirts/USSH3999.jpg,1,0000-00-00 00:00:00,0000-00-00 00:00:00
973,614,http://shotym.com/Thumbnails/USPA_Mens_Shirts/USSH4000.jpg,1,0000-00-00 00:00:00,0000-00-00 00:00:00
975,615,http://shotym.com/Thumbnails/USPA_Mens_Shirts/USSH4001.jpg,1,0000-00-00 00:00:00,0000-00-00 00:00:00
977,616,http://shotym.com/Thumbnails/USPA_Mens_Shirts/USSH4002.jpg,1,0000-00-00 00:00:00,0000-00-00 00:00:00
979,617,http://shotym.com/Thumbnails/USPA_Mens_Shirts/USSH4003.jpg,1,0000-00-00 00:00:00,0000-00-00 00:00:00
981,618,http://shotym.com/Thumbnails/USPA_Mens_Shirts/USSH4004.jpg,1,0000-00-00 00:00:00,0000-00-00 00:00:00
983,619,http://shotym.com/Thumbnails/USPA_Mens_Shirts/USSH4005.jpg,1,0000-00-00 00:00:00,0000-00-00 00:00:00
985,620,http://shotym.com/Thumbnails/USPA_Mens_Shirts/USSH4006.jpg,1,0000-00-00 00:00:00,0000-00-00 00:00:00
987,621,http://shotym.com/Thumbnails/USPA_Mens_Shirts/USSH4007.jpg,1,0000-00-00 00:00:00,0000-00-00 00:00:00
989,622,http://shotym.com/Thumbnails/USPA_Mens_Shirts/USSH4008.jpg,1,0000-00-00 00:00:00,0000-00-00 00:00:00
991,623,http://shotym.com/Thumbnails/USPA_Mens_Shirts/USSH4009.jpg,1,0000-00-00 00:00:00,0000-00-00 00:00:00
993,624,http://shotym.com/Thumbnails/USPA_Mens_Shirts/USSH4010.jpg,1,0000-00-00 00:00:00,0000-00-00 00:00:00
995,625,http://shotym.com/Thumbnails/USPA_Mens_Shirts/USSH4011.jpg,1,0000-00-00 00:00:00,0000-00-00 00:00:00
997,626,http://shotym.com/Thumbnails/USPA_Mens_Shirts/USSH4012.jpg,1,0000-00-00 00:00:00,0000-00-00 00:00:00
999,627,http://shotym.com/Thumbnails/USPA_Mens_Shirts/USSH4013.jpg,1,0000-00-00 00:00:00,0000-00-00 00:00:00
1001,628,http://shotym.com/Thumbnails/USPA_Mens_Shirts/USSH4014.jpg,1,0000-00-00 00:00:00,0000-00-00 00:00:00
1003,629,http://shotym.com/Thumbnails/USPA_Mens_Shirts/USSH4015.jpg,1,0000-00-00 00:00:00,0000-00-00 00:00:00
1005,630,http://shotym.com/Thumbnails/USPA_Mens_Shirts/USSH4016.jpg,1,0000-00-00 00:00:00,0000-00-00 00:00:00
1007,631,http://shotym.com/Thumbnails/USPA_Mens_Shirts/USSH4017.jpg,1,0000-00-00 00:00:00,0000-00-00 00:00:00
1009,632,http://shotym.com/Thumbnails/USPA_Mens_Shirts/USSH4018.jpg,1,0000-00-00 00:00:00,0000-00-00 00:00:00
1011,633,http://shotym.com/Thumbnails/USPA_Mens_Shirts/USSH4019.jpg,1,0000-00-00 00:00:00,0000-00-00 00:00:00
1013,634,http://shotym.com/Thumbnails/USPA_Mens_Shirts/USSH4020.jpg,1,0000-00-00 00:00:00,0000-00-00 00:00:00
1015,635,http://shotym.com/Thumbnails/USPA_Mens_Shirts/USSH4021.jpg,1,0000-00-00 00:00:00,0000-00-00 00:00:00
1017,636,http://shotym.com/Thumbnails/USPA_Mens_Shirts/USSH4022.jpg,1,0000-00-00 00:00:00,0000-00-00 00:00:00
1019,637,http://shotym.com/Thumbnails/USPA_Mens_Shirts/USSH4023.jpg,1,0000-00-00 00:00:00,0000-00-00 00:00:00
1021,638,http://shotym.com/Thumbnails/USPA_Mens_Shirts/USSH4024.jpg,1,0000-00-00 00:00:00,0000-00-00 00:00:00
1023,639,http://shotym.com/Thumbnails/USPA_Mens_Shirts/USSH4025.jpg,1,0000-00-00 00:00:00,0000-00-00 00:00:00
1025,640,http://shotym.com/Thumbnails/USPA_Mens_Shirts/USSH4026.jpg,1,0000-00-00 00:00:00,0000-00-00 00:00:00
1027,641,http://shotym.com/Thumbnails/USPA_Mens_Shirts/USSH4027.jpg,1,0000-00-00 00:00:00,0000-00-00 00:00:00
1029,644,http://shotym.com/Thumbnails/USPA_Mens_Shirts/USSH4030.jpg,1,0000-00-00 00:00:00,0000-00-00 00:00:00
1031,645,http://shotym.com/Thumbnails/USPA_Mens_Shirts/USSH4031.jpg,1,0000-00-00 00:00:00,0000-00-00 00:00:00
1033,444,http://shotym.com/Thumbnails/DENIMS/USJN0830.JPG,1,0000-00-00 00:00:00,23-02-2015 09:53
1036,409,http://shotym.com/Thumbnails/DENIMS/USJN0831.JPG,1,0000-00-00 00:00:00,23-02-2015 09:53
1039,439,http://shotym.com/Thumbnails/DENIMS/USJN0832.JPG,1,0000-00-00 00:00:00,23-02-2015 09:53
1042,440,http://shotym.com/Thumbnails/DENIMS/USJN0833.JPG,1,0000-00-00 00:00:00,23-02-2015 09:53
1045,445,http://shotym.com/Thumbnails/DENIMS/USJN0834.JPG,1,0000-00-00 00:00:00,23-02-2015 09:53
1048,404,http://shotym.com/Thumbnails/DENIMS/USJN0835.JPG,1,0000-00-00 00:00:00,23-02-2015 09:53
1051,413,http://shotym.com/Thumbnails/DENIMS/USJN0837.JPG,1,0000-00-00 00:00:00,23-02-2015 09:53
1054,418,http://shotym.com/Thumbnails/DENIMS/USJN0838.JPG,1,0000-00-00 00:00:00,23-02-2015 09:53
1057,421,http://shotym.com/Thumbnails/DENIMS/USJN0839.JPG,1,0000-00-00 00:00:00,23-02-2015 09:53
1060,395,http://shotym.com/Thumbnails/DENIMS/USJN0840.JPG,1,0000-00-00 00:00:00,23-02-2015 09:53
1063,396,http://shotym.com/Thumbnails/DENIMS/USJN0841.JPG,1,0000-00-00 00:00:00,23-02-2015 09:53
1066,403,http://shotym.com/Thumbnails/DENIMS/USJN0842.JPG,1,0000-00-00 00:00:00,23-02-2015 09:53
1069,405,http://shotym.com/Thumbnails/DENIMS/USJN0843.JPG,1,0000-00-00 00:00:00,23-02-2015 09:53
1072,429,http://shotym.com/Thumbnails/DENIMS/USJN0844.JPG,1,0000-00-00 00:00:00,23-02-2015 09:53
1075,411,http://shotym.com/Thumbnails/DENIMS/USJN0845.JPG,1,0000-00-00 00:00:00,23-02-2015 09:53
1078,412,http://shotym.com/Thumbnails/DENIMS/USJN0846.JPG,1,0000-00-00 00:00:00,23-02-2015 09:53
1081,420,http://shotym.com/Thumbnails/DENIMS/USJN0847.JPG,1,0000-00-00 00:00:00,23-02-2015 09:53
1084,443,http://shotym.com/Thumbnails/DENIMS/USJN0848.JPG,1,0000-00-00 00:00:00,23-02-2015 09:53
1087,433,http://shotym.com/Thumbnails/DENIMS/USJN0849.JPG,1,0000-00-00 00:00:00,23-02-2015 09:53
1090,436,http://shotym.com/Thumbnails/DENIMS/USJN0850.JPG,1,0000-00-00 00:00:00,23-02-2015 09:53
1093,441,http://shotym.com/Thumbnails/DENIMS/USJN0851.JPG,1,0000-00-00 00:00:00,23-02-2015 09:53
1096,389,http://shotym.com/Thumbnails/DENIMS/USJN0852.JPG,1,0000-00-00 00:00:00,23-02-2015 09:38
1099,438,http://shotym.com/Thumbnails/DENIMS/USJN0853.JPG,1,0000-00-00 00:00:00,23-02-2015 09:53
1102,442,http://shotym.com/Thumbnails/DENIMS/USJN0854.JPG,1,0000-00-00 00:00:00,23-02-2015 09:53
1105,390,http://shotym.com/Thumbnails/DENIMS/USJN0855.JPG,1,0000-00-00 00:00:00,23-02-2015 09:53
1108,392,http://shotym.com/Thumbnails/DENIMS/USJN0856.JPG,1,0000-00-00 00:00:00,23-02-2015 09:53
1111,401,http://shotym.com/Thumbnails/DENIMS/USJN0857.JPG,1,0000-00-00 00:00:00,23-02-2015 09:53
1114,397,http://shotym.com/Thumbnails/DENIMS/USJN0858.JPG,1,0000-00-00 00:00:00,23-02-2015 09:53
1117,398,http://shotym.com/Thumbnails/DENIMS/USJN0859.JPG,1,0000-00-00 00:00:00,23-02-2015 09:53
1120,406,http://shotym.com/Thumbnails/DENIMS/USJN0860.JPG,1,0000-00-00 00:00:00,23-02-2015 09:53
1123,410,http://shotym.com/Thumbnails/DENIMS/USJN0861.JPG,1,0000-00-00 00:00:00,23-02-2015 09:53
1126,419,http://shotym.com/Thumbnails/DENIMS/USJN0862.JPG,1,0000-00-00 00:00:00,23-02-2015 09:53
1129,394,http://shotym.com/Thumbnails/DENIMS/USJN0863.JPG,1,0000-00-00 00:00:00,23-02-2015 09:53
1132,399,http://shotym.com/Thumbnails/DENIMS/USJN0864.JPG,1,0000-00-00 00:00:00,23-02-2015 09:53
1135,400,http://shotym.com/Thumbnails/DENIMS/USJN0865.JPG,1,0000-00-00 00:00:00,23-02-2015 09:53
1138,430,http://shotym.com/Thumbnails/DENIMS/USJN0866.JPG,1,0000-00-00 00:00:00,23-02-2015 09:53
1141,431,http://shotym.com/Thumbnails/DENIMS/USJN0867.JPG,1,0000-00-00 00:00:00,23-02-2015 09:53
1144,402,http://shotym.com/Thumbnails/DENIMS/USJN0868.JPG,1,0000-00-00 00:00:00,23-02-2015 09:53
1147,432,http://shotym.com/Thumbnails/DENIMS/USJN0869.JPG,1,0000-00-00 00:00:00,23-02-2015 09:34
1150,416,http://shotym.com/Thumbnails/DENIMS/USJN0870.JPG,1,0000-00-00 00:00:00,23-02-2015 09:53
1153,437,http://shotym.com/Thumbnails/DENIMS/USJN0871.JPG,1,0000-00-00 00:00:00,23-02-2015 09:53
1156,417,http://shotym.com/Thumbnails/DENIMS/USJN0872.JPG,1,0000-00-00 00:00:00,23-02-2015 09:53
1159,447,http://shotym.com/Thumbnails/DENIMS/USJN0873.JPG,1,0000-00-00 00:00:00,23-02-2015 09:53
1162,415,http://shotym.com/Thumbnails/DENIMS/USJN0874.JPG,1,0000-00-00 00:00:00,23-02-2015 09:53
1165,426,http://shotym.com/Thumbnails/DENIMS/USJN0875.JPG,1,0000-00-00 00:00:00,23-02-2015 09:53
1168,393,http://shotym.com/Thumbnails/DENIMS/USJN0876.JPG,1,0000-00-00 00:00:00,23-02-2015 09:53
1171,434,http://shotym.com/Thumbnails/DENIMS/USJN0877.JPG,1,0000-00-00 00:00:00,23-02-2015 09:53
1174,414,http://shotym.com/Thumbnails/DENIMS/USJN0878.JPG,1,0000-00-00 00:00:00,23-02-2015 09:53
1177,427,http://shotym.com/Thumbnails/DENIMS/USJN0879.JPG,1,0000-00-00 00:00:00,23-02-2015 09:53
1180,428,http://shotym.com/Thumbnails/DENIMS/USJN0880.JPG,1,0000-00-00 00:00:00,23-02-2015 09:53
1183,408,http://shotym.com/Thumbnails/DENIMS/USJN0881.JPG,1,0000-00-00 00:00:00,23-02-2015 09:53
1186,425,http://shotym.com/Thumbnails/DENIMS/USJN0882.JPG,1,0000-00-00 00:00:00,23-02-2015 09:53
1189,446,http://shotym.com/Thumbnails/DENIMS/USJN0883.JPG,1,0000-00-00 00:00:00,23-02-2015 09:53
1192,424,http://shotym.com/Thumbnails/DENIMS/USJN0884.JPG,1,0000-00-00 00:00:00,23-02-2015 09:53
1195,435,http://shotym.com/Thumbnails/DENIMS/USJN0885.JPG,1,0000-00-00 00:00:00,23-02-2015 09:53
1198,391,http://shotym.com/Thumbnails/DENIMS/USJN0886.JPG,1,0000-00-00 00:00:00,23-02-2015 09:53
1201,422,http://shotym.com/Thumbnails/DENIMS/USJN0887.JPG,1,0000-00-00 00:00:00,23-02-2015 09:53
1204,423,http://shotym.com/Thumbnails/DENIMS/USJN0888.JPG,1,0000-00-00 00:00:00,23-02-2015 09:53
1207,448,http://shotym.com/Thumbnails/DENIMS/USJN0889.JPG,1,0000-00-00 00:00:00,23-02-2015 09:53
1210,449,http://shotym.com/Thumbnails/DENIMS/USJN0890.JPG,1,0000-00-00 00:00:00,23-02-2015 09:53
1213,450,http://shotym.com/Thumbnails/DENIMS/USJN0891.JPG,1,0000-00-00 00:00:00,23-02-2015 09:53
1216,407,http://shotym.com/Thumbnails/DENIMS/USJN0836-B.JPG,1,0000-00-00 00:00:00,23-02-2015 10:26
